elev_m,hr,cadence_spm,timestamp_gmt_ms,elapsed_s,dist_m,directRunCadence,speed_mps,time_s,body_battery,moving_s,cadence_spm_frac,vert_mps,lat,lon,timestamp_utc
63.0,87.0,0.0,1753905994000.0,0.0,0.0,0.0,0.0,0.0,45.0,0.0,0.0,,,,2025-07-30 20:06:34+00:00
62.599998474121094,87.0,0.0,1753906001000.0,7.0,0.0,0.0,0.0,0.0,45.0,0.0,0.0,,,,2025-07-30 20:06:41+00:00
62.599998474121094,90.0,104.0,1753906008000.0,14.0,8.270000457763672,52.0,1.2970000505447388,7.0,45.0,7.0,0.0,0.0,,,2025-07-30 20:06:48+00:00
62.0,92.0,103.0,1753906019000.0,25.0,20.229999542236328,51.0,1.2879999876022339,18.0,45.0,18.0,0.5,-0.054999999701976776,48.756040362641215,2.306166747584939,2025-07-30 20:06:59+00:00
62.0,95.0,102.0,1753906025000.0,31.0,29.389999389648438,51.0,1.8009999990463257,24.0,45.0,24.0,0.0,0.0,48.755964087322354,2.3061041347682476,2025-07-30 20:07:05+00:00
62.0,96.0,102.0,1753906026000.0,32.0,31.149999618530273,51.0,1.7079999446868896,25.0,45.0,25.0,0.0,0.0,48.755954364314675,2.3060841858386993,2025-07-30 20:07:06+00:00
61.79999923706055,97.0,100.0,1753906035000.0,41.0,43.150001525878906,50.0,1.5959999561309814,34.0,45.0,34.0,0.0,-0.02199999988079071,48.75585671514273,2.306035989895463,2025-07-30 20:07:15+00:00
61.599998474121094,97.0,99.0,1753906046000.0,52.0,58.810001373291016,49.0,1.4459999799728394,45.0,45.0,45.0,0.5,-0.017999999225139618,48.75571715645492,2.306001288816333,2025-07-30 20:07:26+00:00
61.400001525878906,96.0,99.0,1753906057000.0,63.0,72.13999938964844,49.0,1.2970000505447388,56.0,45.0,56.0,0.5,-0.017999999225139618,48.755605425685644,2.305958289653063,2025-07-30 20:07:37+00:00
61.400001525878906,94.0,100.0,1753906068000.0,74.0,84.80000305175781,50.0,1.2410000562667847,67.0,45.0,67.0,0.0,0.0,48.75548740848899,2.3059301264584064,2025-07-30 20:07:48+00:00
61.400001525878906,91.0,99.0,1753906072000.0,78.0,90.43000030517578,49.0,1.222000002861023,71.0,45.0,71.0,0.5,0.0,48.75543619506061,2.3059162963181734,2025-07-30 20:07:52+00:00
61.400001525878906,90.0,99.0,1753906079000.0,85.0,102.08999633789062,49.0,1.3339999914169312,78.0,45.0,78.0,0.5,0.0,48.75533879734576,2.3058762308210135,2025-07-30 20:07:59+00:00
61.20000076293945,90.0,99.0,1753906091000.0,97.0,115.41999816894531,49.0,1.2970000505447388,90.0,44.0,90.0,0.5,-0.017000000923871994,48.755219439044595,2.305832225829363,2025-07-30 20:08:11+00:00
61.20000076293945,90.0,103.0,1753906103000.0,109.0,133.25999450683594,51.0,1.315999984741211,102.0,44.0,102.0,0.5,0.0,48.75506856478751,2.305773887783289,2025-07-30 20:08:23+00:00
61.400001525878906,89.0,96.0,1753906115000.0,121.0,148.85000610351562,48.0,1.2970000505447388,114.0,44.0,114.0,0.0,0.017000000923871994,48.754929173737764,2.30573290027678,2025-07-30 20:08:35+00:00
61.20000076293945,91.0,100.0,1753906128000.0,134.0,165.4199981689453,50.0,1.305999994277954,127.0,44.0,127.0,0.0,-0.014999999664723873,48.75478156842291,2.3056860454380512,2025-07-30 20:08:48+00:00
61.400001525878906,91.0,105.0,1753906136000.0,142.0,177.64999389648438,52.0,1.305999994277954,135.0,44.0,135.0,0.5,0.02500000037252903,48.75467738136649,2.3056403640657663,2025-07-30 20:08:56+00:00
61.400001525878906,92.0,102.0,1753906146000.0,152.0,191.27999877929688,51.0,1.3339999914169312,145.0,44.0,145.0,0.0,0.0,48.7545576877892,2.3055916652083397,2025-07-30 20:09:06+00:00
61.400001525878906,90.0,103.0,1753906157000.0,163.0,207.41000366210938,51.0,1.343999981880188,156.0,44.0,156.0,0.5,0.0,48.754422068595886,2.3055218439549208,2025-07-30 20:09:17+00:00
61.20000076293945,89.0,103.0,1753906172000.0,178.0,228.41000366210938,51.0,1.371999979019165,171.0,44.0,171.0,0.5,-0.013000000268220901,48.75424093566835,2.305441126227379,2025-07-30 20:09:32+00:00
61.20000076293945,88.0,103.0,1753906182000.0,188.0,242.41000366210938,51.0,1.38100004196167,181.0,44.0,181.0,0.5,0.0,48.75412258319557,2.3053708020597696,2025-07-30 20:09:42+00:00
61.400001525878906,88.0,103.0,1753906192000.0,198.0,257.5400085449219,51.0,1.3899999856948853,191.0,44.0,191.0,0.5,0.019999999552965164,48.75399417243898,2.305312380194664,2025-07-30 20:09:52+00:00
61.20000076293945,90.0,103.0,1753906204000.0,210.0,274.5799865722656,51.0,1.4279999732971191,203.0,44.0,203.0,0.5,-0.017000000923871994,48.753848914057016,2.3052386194467545,2025-07-30 20:10:04+00:00
61.20000076293945,91.0,103.0,1753906219000.0,225.0,295.4800109863281,51.0,1.409000039100647,218.0,44.0,218.0,0.5,0.0,48.75366032123566,2.3051935248076916,2025-07-30 20:10:19+00:00
61.20000076293945,93.0,103.0,1753906229000.0,235.0,310.0799865722656,51.0,1.4179999828338623,228.0,44.0,228.0,0.5,0.0,48.753531239926815,2.3051543813198805,2025-07-30 20:10:29+00:00
61.20000076293945,89.0,103.0,1753906238000.0,244.0,323.94000244140625,51.0,1.4279999732971191,237.0,44.0,237.0,0.5,0.0,48.75342872925103,2.305058492347598,2025-07-30 20:10:38+00:00
61.20000076293945,86.0,103.0,1753906240000.0,246.0,326.3299865722656,51.0,1.437000036239624,239.0,44.0,239.0,0.5,0.0,48.753410121425986,2.3050423990935087,2025-07-30 20:10:40+00:00
61.400001525878906,85.0,103.0,1753906241000.0,247.0,327.44000244140625,51.0,1.437000036239624,240.0,44.0,240.0,0.5,0.20000000298023224,48.75340157188475,2.30503854341805,2025-07-30 20:10:41+00:00
61.20000076293945,86.0,103.0,1753906251000.0,257.0,339.5799865722656,51.0,1.4179999828338623,250.0,44.0,250.0,0.5,-0.019999999552965164,48.75327701680362,2.3050271440297365,2025-07-30 20:10:51+00:00
61.0,85.0,106.0,1753906255000.0,261.0,346.4700012207031,53.0,1.437000036239624,254.0,44.0,254.0,0.0,-0.05000000074505806,48.753215074539185,2.3050372023135424,2025-07-30 20:10:55+00:00
61.0,89.0,103.0,1753906259000.0,265.0,354.4800109863281,51.0,1.4839999675750732,258.0,44.0,258.0,0.5,0.0,48.753145169466734,2.305046422407031,2025-07-30 20:10:59+00:00
61.0,91.0,102.0,1753906264000.0,270.0,361.7200012207031,51.0,1.5299999713897705,263.0,44.0,263.0,0.0,0.0,48.75307836569846,2.3050350230187178,2025-07-30 20:11:04+00:00
61.0,91.0,103.0,1753906276000.0,282.0,380.1199951171875,51.0,1.5299999713897705,275.0,44.0,275.0,0.5,0.0,48.75292221084237,2.304976936429739,2025-07-30 20:11:16+00:00
61.0,88.0,103.0,1753906281000.0,287.0,386.7300109863281,51.0,1.5210000276565552,280.0,44.0,280.0,0.5,0.0,48.752862783148885,2.3049431573599577,2025-07-30 20:11:21+00:00
61.0,87.0,102.0,1753906286000.0,292.0,393.7099914550781,51.0,1.5119999647140503,285.0,44.0,285.0,0.0,0.0,48.752805199474096,2.3049025889486074,2025-07-30 20:11:26+00:00
61.0,89.0,97.0,1753906293000.0,299.0,401.67999267578125,48.0,1.4930000305175781,292.0,44.0,292.0,0.5,0.0,48.75273562967777,2.3048834782093763,2025-07-30 20:11:33+00:00
60.79999923706055,89.0,101.0,1753906302000.0,308.0,416.42999267578125,50.0,1.4930000305175781,301.0,44.0,301.0,0.5,-0.02199999988079071,48.75260453671217,2.3048690613359213,2025-07-30 20:11:42+00:00
60.79999923706055,89.0,101.0,1753906313000.0,319.0,431.9800109863281,50.0,1.4839999675750732,312.0,44.0,312.0,0.5,0.0,48.75247294083238,2.3048128187656403,2025-07-30 20:11:53+00:00
60.79999923706055,92.0,103.0,1753906316000.0,322.0,435.6300048828125,51.0,1.4739999771118164,315.0,44.0,315.0,0.5,0.0,48.752439161762595,2.3047864995896816,2025-07-30 20:11:56+00:00
60.79999923706055,95.0,103.0,1753906322000.0,328.0,447.0400085449219,51.0,1.4839999675750732,321.0,44.0,321.0,0.5,0.0,48.75235375016928,2.304719192907214,2025-07-30 20:12:02+00:00
60.79999923706055,96.0,103.0,1753906323000.0,329.0,448.07000732421875,51.0,1.4930000305175781,322.0,44.0,322.0,0.5,0.0,48.75234805047512,2.3047032672911882,2025-07-30 20:12:03+00:00
60.79999923706055,95.0,105.0,1753906333000.0,339.0,460.3500061035156,52.0,1.4559999704360962,332.0,44.0,332.0,0.5,0.0,48.752233386039734,2.3046740144491196,2025-07-30 20:12:13+00:00
60.599998474121094,94.0,103.0,1753906343000.0,349.0,476.8500061035156,51.0,1.4839999675750732,342.0,44.0,342.0,0.5,-0.019999999552965164,48.75208904966712,2.304687676951289,2025-07-30 20:12:23+00:00
60.79999923706055,97.0,102.0,1753906350000.0,356.0,485.7799987792969,51.0,1.4839999675750732,349.0,44.0,349.0,0.0,0.028999999165534973,48.752008667215705,2.304657334461808,2025-07-30 20:12:30+00:00
60.599998474121094,98.0,101.0,1753906355000.0,361.0,493.0899963378906,50.0,1.465000033378601,354.0,44.0,354.0,0.5,-0.03999999910593033,48.75194102525711,2.304647024720907,2025-07-30 20:12:35+00:00
60.599998474121094,95.0,101.0,1753906357000.0,363.0,496.42999267578125,50.0,1.465000033378601,356.0,44.0,356.0,0.5,0.0,48.75191177241504,2.304644091054797,2025-07-30 20:12:37+00:00
60.599998474121094,92.0,102.0,1753906358000.0,364.0,497.95001220703125,51.0,1.4739999771118164,357.0,44.0,357.0,0.0,0.0,48.75189886428416,2.3046425823122263,2025-07-30 20:12:38+00:00
60.79999923706055,92.0,102.0,1753906359000.0,365.0,499.3500061035156,51.0,1.4739999771118164,358.0,44.0,358.0,0.0,0.20000000298023224,48.75188721343875,2.3046431690454483,2025-07-30 20:12:39+00:00
60.79999923706055,90.0,101.0,1753906366000.0,372.0,508.7699890136719,50.0,1.465000033378601,365.0,44.0,365.0,0.5,0.0,48.7518051546067,2.3046183586120605,2025-07-30 20:12:46+00:00
60.79999923706055,94.0,101.0,1753906368000.0,374.0,511.57000732421875,50.0,1.465000033378601,367.0,44.0,367.0,0.5,0.0,48.75178126618266,2.3046119045466185,2025-07-30 20:12:48+00:00
60.79999923706055,95.0,102.0,1753906375000.0,381.0,521.9500122070312,51.0,1.4559999704360962,374.0,44.0,374.0,0.0,0.0,48.75168973580003,2.304579047486186,2025-07-30 20:12:55+00:00
61.0,96.0,102.0,1753906380000.0,386.0,528.0700073242188,51.0,1.4459999799728394,379.0,44.0,379.0,0.0,0.03999999910593033,48.751631984487176,2.30457192286849,2025-07-30 20:13:00+00:00
61.20000076293945,93.0,102.0,1753906388000.0,394.0,539.9500122070312,51.0,1.437000036239624,387.0,44.0,387.0,0.0,0.02500000037252903,48.75152771361172,2.304556667804718,2025-07-30 20:13:08+00:00
61.20000076293945,90.0,101.0,1753906391000.0,397.0,544.2100219726562,50.0,1.437000036239624,390.0,44.0,390.0,0.5,0.0,48.751492677256465,2.3045536503195763,2025-07-30 20:13:11+00:00
61.20000076293945,90.0,101.0,1753906393000.0,399.0,546.3099975585938,50.0,1.4279999732971191,392.0,44.0,392.0,0.5,0.0,48.7514718901366,2.3045529797673225,2025-07-30 20:13:13+00:00
61.400001525878906,89.0,101.0,1753906403000.0,409.0,558.5499877929688,50.0,1.3899999856948853,402.0,44.0,402.0,0.5,0.019999999552965164,48.75136292539537,2.3045264091342688,2025-07-30 20:13:23+00:00
61.599998474121094,93.0,102.0,1753906408000.0,414.0,565.7000122070312,51.0,1.3530000448226929,407.0,44.0,407.0,0.0,0.03999999910593033,48.751301066949964,2.304514506831765,2025-07-30 20:13:28+00:00
61.79999923706055,96.0,100.0,1753906413000.0,419.0,571.9199829101562,50.0,1.3250000476837158,412.0,44.0,412.0,0.0,0.03999999910593033,48.751241555437446,2.3045182786881924,2025-07-30 20:13:33+00:00
61.599998474121094,97.0,101.0,1753906414000.0,420.0,573.3499755859375,50.0,1.3250000476837158,413.0,44.0,413.0,0.5,-0.20000000298023224,48.75122764147818,2.304517524316907,2025-07-30 20:13:34+00:00
61.599998474121094,100.0,106.0,1753906421000.0,427.0,584.4199829101562,53.0,1.3619999885559082,420.0,44.0,420.0,0.0,0.0,48.75112948939204,2.3045153450220823,2025-07-30 20:13:41+00:00
61.79999923706055,102.0,102.0,1753906426000.0,432.0,591.3499755859375,51.0,1.3619999885559082,425.0,44.0,425.0,0.0,0.03999999910593033,48.75106788240373,2.3045070469379425,2025-07-30 20:13:46+00:00
61.79999923706055,102.0,102.0,1753906428000.0,434.0,594.47998046875,51.0,1.371999979019165,427.0,44.0,427.0,0.0,0.0,48.751043071970344,2.3044893611222506,2025-07-30 20:13:48+00:00
61.79999923706055,99.0,102.0,1753906431000.0,437.0,599.530029296875,51.0,1.38100004196167,430.0,44.0,430.0,0.0,0.0,48.75100275501609,2.3044605273753405,2025-07-30 20:13:51+00:00
61.79999923706055,96.0,101.0,1753906433000.0,439.0,602.9299926757812,50.0,1.3899999856948853,432.0,44.0,432.0,0.5,0.0,48.75097316689789,2.3044446017593145,2025-07-30 20:13:53+00:00
62.0,97.0,105.0,1753906437000.0,443.0,608.1500244140625,52.0,1.4279999732971191,436.0,44.0,436.0,0.5,0.05000000074505806,48.75092907808721,2.304429765790701,2025-07-30 20:13:57+00:00
61.79999923706055,97.0,106.0,1753906446000.0,452.0,618.8300170898438,53.0,1.3619999885559082,445.0,44.0,445.0,0.0,-0.02199999988079071,48.750824723392725,2.3044399078935385,2025-07-30 20:14:06+00:00
61.599998474121094,93.0,103.0,1753906456000.0,462.0,634.8200073242188,51.0,1.409000039100647,455.0,44.0,455.0,0.5,-0.019999999552965164,48.750680051743984,2.3044522292912006,2025-07-30 20:14:16+00:00
61.599998474121094,92.0,103.0,1753906457000.0,463.0,636.010009765625,51.0,1.409000039100647,456.0,44.0,456.0,0.5,0.0,48.75066856853664,2.3044498823583126,2025-07-30 20:14:17+00:00
61.400001525878906,91.0,100.0,1753906467000.0,473.0,649.97998046875,50.0,1.409000039100647,466.0,44.0,466.0,0.0,-0.019999999552965164,48.75054007396102,2.304442338645458,2025-07-30 20:14:27+00:00
61.400001525878906,92.0,100.0,1753906477000.0,483.0,663.72998046875,50.0,1.409000039100647,476.0,44.0,476.0,0.0,0.0,48.750421050935984,2.30441358871758,2025-07-30 20:14:37+00:00
61.400001525878906,94.0,99.0,1753906488000.0,494.0,679.25,49.0,1.409000039100647,487.0,44.0,487.0,0.5,0.0,48.75028509646654,2.3043972440063953,2025-07-30 20:14:48+00:00
61.20000076293945,94.0,99.0,1753906498000.0,504.0,689.47998046875,49.0,1.3619999885559082,497.0,44.0,497.0,0.5,-0.019999999552965164,48.75019649975002,2.3043300211429596,2025-07-30 20:14:58+00:00
61.20000076293945,92.0,97.0,1753906510000.0,516.0,704.030029296875,48.0,1.3339999914169312,509.0,44.0,509.0,0.5,0.0,48.75006808899343,2.3043009359389544,2025-07-30 20:15:10+00:00
61.20000076293945,89.0,97.0,1753906516000.0,522.0,713.4600219726562,48.0,1.3339999914169312,515.0,44.0,515.0,0.5,0.0,48.749988209456205,2.3042950686067343,2025-07-30 20:15:16+00:00
61.20000076293945,86.0,97.0,1753906518000.0,524.0,716.1199951171875,48.0,1.343999981880188,517.0,44.0,517.0,0.5,0.0,48.74996339902282,2.304298337548971,2025-07-30 20:15:18+00:00
61.20000076293945,83.0,97.0,1753906520000.0,526.0,718.989990234375,48.0,1.343999981880188,519.0,44.0,519.0,0.5,0.0,48.74993523582816,2.304296661168337,2025-07-30 20:15:20+00:00
61.20000076293945,80.0,99.0,1753906526000.0,532.0,726.9400024414062,49.0,1.343999981880188,525.0,44.0,525.0,0.5,0.0,48.749865498393774,2.3042769636958838,2025-07-30 20:15:26+00:00
61.400001525878906,80.0,99.0,1753906528000.0,534.0,729.510009765625,49.0,1.343999981880188,527.0,44.0,527.0,0.5,0.10000000149011612,48.749845465645194,2.3042661510407925,2025-07-30 20:15:28+00:00
61.599998474121094,80.0,99.0,1753906536000.0,542.0,739.4199829101562,49.0,1.3339999914169312,535.0,44.0,535.0,0.5,0.02500000037252903,48.74976265244186,2.3042096570134163,2025-07-30 20:15:36+00:00
61.599998474121094,80.0,102.0,1753906547000.0,553.0,753.6400146484375,51.0,1.315999984741211,546.0,44.0,546.0,0.0,0.0,48.74963482841849,2.3041775543242693,2025-07-30 20:15:47+00:00
61.599998474121094,81.0,102.0,1753906555000.0,561.0,763.5599975585938,51.0,1.315999984741211,554.0,44.0,554.0,0.0,0.0,48.74955302104354,2.3041310347616673,2025-07-30 20:15:55+00:00
61.79999923706055,82.0,100.0,1753906565000.0,571.0,778.0499877929688,50.0,1.305999994277954,564.0,44.0,564.0,0.0,0.019999999552965164,48.74941488727927,2.304127598181367,2025-07-30 20:16:05+00:00
61.79999923706055,85.0,101.0,1753906574000.0,580.0,791.8099975585938,50.0,1.343999981880188,573.0,44.0,573.0,0.5,0.0,48.749303156509995,2.304130280390382,2025-07-30 20:16:14+00:00
61.79999923706055,86.0,99.0,1753906585000.0,591.0,805.6799926757812,49.0,1.343999981880188,584.0,44.0,584.0,0.5,0.0,48.7491749972105,2.3041047994047403,2025-07-30 20:16:25+00:00
61.79999923706055,87.0,100.0,1753906594000.0,600.0,820.75,50.0,1.399999976158142,593.0,44.0,593.0,0.0,0.0,48.749043652787805,2.3041073977947235,2025-07-30 20:16:34+00:00
62.0,88.0,100.0,1753906605000.0,611.0,835.75,50.0,1.409000039100647,604.0,44.0,604.0,0.0,0.017999999225139618,48.7489075306803,2.30408719740808,2025-07-30 20:16:45+00:00
62.20000076293945,87.0,0.0,1753906614000.0,620.0,846.8099975585938,0.0,1.399999976158142,613.0,44.0,613.0,0.0,0.02199999988079071,48.74882496893406,2.3040237464010715,2025-07-30 20:16:54+00:00
62.0,84.0,0.0,1753906627000.0,633.0,846.8099975585938,0.0,0.0,626.0,44.0,613.0,0.0,-0.014999999664723873,48.74882605858147,2.3040220700204372,2025-07-30 20:17:07+00:00
61.79999923706055,82.0,0.0,1753906634000.0,640.0,846.8099975585938,0.0,0.0,633.0,44.0,613.0,0.0,-0.028999999165534973,48.74882605858147,2.3040220700204372,2025-07-30 20:17:14+00:00
62.0,84.0,0.0,1753906642000.0,648.0,850.3599853515625,0.0,0.0,641.0,44.0,613.0,0.0,0.02500000037252903,48.748801751062274,2.304013604298234,2025-07-30 20:17:22+00:00
62.0,86.0,99.0,1753906652000.0,658.0,865.6699829101562,49.0,1.5490000247955322,651.0,44.0,623.0,0.5,0.0,48.74866118654609,2.3040325473994017,2025-07-30 20:17:32+00:00
62.0,85.0,100.0,1753906663000.0,669.0,882.4000244140625,50.0,1.4739999771118164,662.0,44.0,634.0,0.0,0.0,48.74851358123124,2.304024249315262,2025-07-30 20:17:43+00:00
62.0,85.0,100.0,1753906673000.0,679.0,895.969970703125,50.0,1.4459999799728394,672.0,44.0,644.0,0.0,0.0,48.74839363619685,2.304000109434128,2025-07-30 20:17:53+00:00
62.20000076293945,82.0,102.0,1753906680000.0,686.0,905.6699829101562,51.0,1.38100004196167,679.0,44.0,651.0,0.0,0.028999999165534973,48.74830939806998,2.3039845190942287,2025-07-30 20:18:00+00:00
62.0,82.0,101.0,1753906683000.0,689.0,908.9099731445312,50.0,1.343999981880188,682.0,44.0,654.0,0.5,-0.06700000166893005,48.748277043923736,2.3039795737713575,2025-07-30 20:18:03+00:00
62.0,82.0,97.0,1753906694000.0,700.0,922.280029296875,48.0,1.2970000505447388,693.0,44.0,665.0,0.5,0.0,48.74815265648067,2.303973203524947,2025-07-30 20:18:14+00:00
62.20000076293945,81.0,96.0,1753906703000.0,709.0,935.5599975585938,48.0,1.2879999876022339,702.0,44.0,674.0,0.0,0.02199999988079071,48.7480369862169,2.30394403450191,2025-07-30 20:18:23+00:00
62.20000076293945,79.0,96.0,1753906714000.0,720.0,950.4299926757812,48.0,1.277999997138977,713.0,44.0,685.0,0.0,0.0,48.74789952300489,2.303938837721944,2025-07-30 20:18:34+00:00
62.599998474121094,79.0,99.0,1753906723000.0,729.0,961.030029296875,49.0,1.277999997138977,722.0,44.0,694.0,0.5,0.04399999976158142,48.74780631624162,2.3039100039750338,2025-07-30 20:18:43+00:00
62.79999923706055,79.0,100.0,1753906733000.0,739.0,975.4600219726562,50.0,1.2970000505447388,732.0,44.0,704.0,0.0,0.019999999552965164,48.74769240617752,2.3038335610181093,2025-07-30 20:18:53+00:00
62.79999923706055,80.0,100.0,1753906735000.0,741.0,977.8400268554688,50.0,1.2970000505447388,734.0,44.0,706.0,0.0,0.0,48.747671619057655,2.3038225807249546,2025-07-30 20:18:55+00:00
63.0,80.0,100.0,1753906743000.0,749.0,990.8599853515625,50.0,1.315999984741211,742.0,44.0,714.0,0.0,0.02500000037252903,48.74756055884063,2.3037732113152742,2025-07-30 20:19:03+00:00
63.20000076293945,81.0,101.0,1753906753000.0,759.0,1003.4299926757812,50.0,1.3250000476837158,752.0,44.0,724.0,0.5,0.019999999552965164,48.747451175004244,2.3037437070161104,2025-07-30 20:19:13+00:00
63.400001525878906,81.0,100.0,1753906763000.0,769.0,1018.3400268554688,50.0,1.315999984741211,762.0,44.0,734.0,0.0,0.019999999552965164,48.747309520840645,2.303736414760351,2025-07-30 20:19:23+00:00
63.599998474121094,79.0,100.0,1753906773000.0,779.0,1034.3699951171875,50.0,1.399999976158142,772.0,44.0,744.0,0.0,0.019999999552965164,48.74716870486736,2.3037375044077635,2025-07-30 20:19:33+00:00
63.79999923706055,77.0,101.0,1753906783000.0,789.0,1047.3299560546875,50.0,1.4179999828338623,782.0,44.0,754.0,0.5,0.019999999552965164,48.74705714173615,2.303726440295577,2025-07-30 20:19:43+00:00
63.79999923706055,77.0,102.0,1753906785000.0,791.0,1050.0,51.0,1.399999976158142,784.0,44.0,756.0,0.0,0.0,48.74703384004533,2.30371730402112,2025-07-30 20:19:45+00:00
64.4000015258789,78.0,101.0,1753906792000.0,798.0,1061.6400146484375,50.0,1.409000039100647,791.0,44.0,763.0,0.5,0.0860000029206276,48.746951362118125,2.3036294616758823,2025-07-30 20:19:52+00:00
64.19999694824219,81.0,102.0,1753906800000.0,806.0,1072.5699462890625,51.0,1.4279999732971191,799.0,44.0,771.0,0.0,-0.02500000037252903,48.746855054050684,2.303592748939991,2025-07-30 20:20:00+00:00
64.80000305175781,84.0,101.0,1753906810000.0,816.0,1086.27001953125,50.0,1.4179999828338623,809.0,44.0,781.0,0.5,0.05999999865889549,48.74672194942832,2.303578918799758,2025-07-30 20:20:10+00:00
64.80000305175781,84.0,102.0,1753906812000.0,818.0,1089.25,51.0,1.4179999828338623,811.0,44.0,783.0,0.0,0.0,48.74669470824301,2.3035795893520117,2025-07-30 20:20:12+00:00
64.80000305175781,85.0,105.0,1753906818000.0,824.0,1099.1800537109375,52.0,1.437000036239624,817.0,44.0,789.0,0.5,0.0,48.74661214649677,2.3035732191056013,2025-07-30 20:20:18+00:00
65.0,86.0,105.0,1753906821000.0,827.0,1102.760009765625,52.0,1.437000036239624,820.0,44.0,792.0,0.5,0.06700000166893005,48.746575098484755,2.3035699501633644,2025-07-30 20:20:21+00:00
65.4000015258789,86.0,105.0,1753906833000.0,839.0,1122.530029296875,52.0,1.465000033378601,832.0,44.0,804.0,0.5,0.032999999821186066,48.74640670605004,2.303524101153016,2025-07-30 20:20:33+00:00
65.5999984741211,86.0,101.0,1753906844000.0,850.0,1138.25,50.0,1.465000033378601,843.0,44.0,815.0,0.5,0.017999999225139618,48.74627083539963,2.303484622389078,2025-07-30 20:20:44+00:00
65.5999984741211,83.0,101.0,1753906850000.0,856.0,1146.5,50.0,1.4559999704360962,849.0,44.0,821.0,0.5,0.0,48.74620059505105,2.3034586384892464,2025-07-30 20:20:50+00:00
65.80000305175781,80.0,100.0,1753906853000.0,859.0,1151.2099609375,50.0,1.4559999704360962,852.0,44.0,824.0,0.0,0.06700000166893005,48.74615650624037,2.303436594083905,2025-07-30 20:20:53+00:00
66.0,80.0,100.0,1753906854000.0,860.0,1153.239990234375,50.0,1.4559999704360962,853.0,44.0,825.0,0.0,0.20000000298023224,48.74613898806274,2.3034279607236385,2025-07-30 20:20:54+00:00
66.0,79.0,100.0,1753906855000.0,861.0,1155.1600341796875,50.0,1.4559999704360962,854.0,44.0,826.0,0.0,0.0,48.74612205661833,2.3034270387142897,2025-07-30 20:20:55+00:00
66.0,79.0,105.0,1753906862000.0,868.0,1164.8399658203125,52.0,1.465000033378601,861.0,43.0,833.0,0.5,0.0,48.74604075215757,2.303444305434823,2025-07-30 20:21:02+00:00
66.4000015258789,79.0,101.0,1753906871000.0,877.0,1175.969970703125,50.0,1.4559999704360962,870.0,43.0,842.0,0.5,0.04399999976158142,48.74593136832118,2.3034394439309835,2025-07-30 20:21:11+00:00
66.5999984741211,78.0,102.0,1753906882000.0,888.0,1193.5799560546875,51.0,1.465000033378601,881.0,43.0,853.0,0.0,0.017999999225139618,48.745778147131205,2.303435169160366,2025-07-30 20:21:22+00:00
67.0,77.0,102.0,1753906894000.0,900.0,1209.0699462890625,51.0,1.4459999799728394,893.0,43.0,865.0,0.0,0.032999999821186066,48.745633559301496,2.3033955227583647,2025-07-30 20:21:34+00:00
67.0,78.0,101.0,1753906895000.0,901.0,1210.77001953125,50.0,1.4459999799728394,894.0,43.0,866.0,0.5,0.0,48.74561780132353,2.3033953551203012,2025-07-30 20:21:35+00:00
67.4000015258789,77.0,101.0,1753906905000.0,911.0,1224.5999755859375,50.0,1.4559999704360962,904.0,43.0,876.0,0.5,0.03999999910593033,48.745493246242404,2.3034100234508514,2025-07-30 20:21:45+00:00
68.0,78.0,102.0,1753906915000.0,921.0,1241.760009765625,51.0,1.465000033378601,914.0,43.0,886.0,0.0,0.05999999865889549,48.74534807167947,2.3033619951456785,2025-07-30 20:21:55+00:00
68.0,77.0,103.0,1753906916000.0,922.0,1244.25,51.0,1.465000033378601,915.0,43.0,887.0,0.5,0.0,48.745328206568956,2.30334984138608,2025-07-30 20:21:56+00:00
68.4000015258789,77.0,102.0,1753906924000.0,930.0,1255.3599853515625,51.0,1.4839999675750732,923.0,43.0,895.0,0.0,0.05000000074505806,48.74523491598666,2.303322348743677,2025-07-30 20:22:04+00:00
68.80000305175781,78.0,106.0,1753906935000.0,941.0,1270.9100341796875,53.0,1.4839999675750732,934.0,43.0,906.0,0.0,0.035999998450279236,48.74508538283408,2.303304746747017,2025-07-30 20:22:15+00:00
69.0,78.0,106.0,1753906937000.0,943.0,1275.5699462890625,53.0,1.4839999675750732,936.0,43.0,908.0,0.0,0.10000000149011612,48.74504406005144,2.3033031541854143,2025-07-30 20:22:17+00:00
69.19999694824219,78.0,103.0,1753906943000.0,949.0,1284.8399658203125,51.0,1.5019999742507935,942.0,43.0,914.0,0.5,0.032999999821186066,48.744965605437756,2.303286725655198,2025-07-30 20:22:23+00:00
69.80000305175781,78.0,103.0,1753906953000.0,959.0,1299.6600341796875,51.0,1.5119999647140503,952.0,43.0,924.0,0.5,0.05999999865889549,48.744842978194356,2.303219670429826,2025-07-30 20:22:33+00:00
70.0,78.0,105.0,1753906956000.0,962.0,1304.050048828125,52.0,1.5119999647140503,955.0,43.0,927.0,0.5,0.06700000166893005,48.74480760656297,2.303201984614134,2025-07-30 20:22:36+00:00
70.19999694824219,78.0,102.0,1753906962000.0,968.0,1313.0,51.0,1.5210000276565552,961.0,43.0,933.0,0.0,0.032999999821186066,48.74472688883543,2.3031883221119642,2025-07-30 20:22:42+00:00
71.0,80.0,103.0,1753906973000.0,979.0,1329.97998046875,51.0,1.5399999618530273,972.0,43.0,944.0,0.5,0.0729999989271164,48.744573751464486,2.3032053373754025,2025-07-30 20:22:53+00:00
71.0,79.0,103.0,1753906976000.0,982.0,1334.3499755859375,51.0,1.5399999618530273,975.0,43.0,947.0,0.5,0.0,48.74453242868185,2.303205421194434,2025-07-30 20:22:56+00:00
71.19999694824219,79.0,102.0,1753906983000.0,989.0,1345.199951171875,51.0,1.5490000247955322,982.0,43.0,954.0,0.0,0.028999999165534973,48.7444382160902,2.303174491971731,2025-07-30 20:23:03+00:00
71.5999984741211,76.0,103.0,1753906990000.0,996.0,1356.699951171875,51.0,1.5579999685287476,989.0,43.0,961.0,0.5,0.05700000002980232,48.74434098601341,2.3031225241720676,2025-07-30 20:23:10+00:00
72.0,75.0,105.0,1753906996000.0,1002.0,1366.4599609375,52.0,1.5859999656677246,995.0,43.0,967.0,0.5,0.06700000166893005,48.74426253139973,2.3030750826001167,2025-07-30 20:23:16+00:00
72.19999694824219,76.0,105.0,1753906997000.0,1003.0,1367.72998046875,52.0,1.5859999656677246,996.0,43.0,968.0,0.5,0.20000000298023224,48.74424962326884,2.3030686285346746,2025-07-30 20:23:17+00:00
72.4000015258789,77.0,106.0,1753907006000.0,1012.0,1379.760009765625,53.0,1.5579999685287476,1005.0,43.0,977.0,0.0,0.02199999988079071,48.74413764104247,2.3030542954802513,2025-07-30 20:23:26+00:00
72.80000305175781,75.0,102.0,1753907018000.0,1024.0,1398.800048828125,51.0,1.5770000219345093,1017.0,43.0,989.0,0.0,0.032999999821186066,48.74397343955934,2.30300635099411,2025-07-30 20:23:38+00:00
73.19999694824219,73.0,105.0,1753907025000.0,1031.0,1408.93994140625,52.0,1.5490000247955322,1024.0,43.0,996.0,0.5,0.05700000002980232,48.74388392083347,2.302981875836849,2025-07-30 20:23:45+00:00
73.4000015258789,73.0,103.0,1753907031000.0,1037.0,1417.4300537109375,51.0,1.5119999647140503,1030.0,43.0,1002.0,0.5,0.032999999821186066,48.7438063044101,2.3029631841927767,2025-07-30 20:23:51+00:00
73.80000305175781,74.0,102.0,1753907041000.0,1047.0,1430.8499755859375,51.0,1.4930000305175781,1040.0,43.0,1012.0,0.0,0.03999999910593033,48.743678061291575,2.302941894158721,2025-07-30 20:24:01+00:00
74.19999694824219,75.0,103.0,1753907049000.0,1055.0,1444.25,51.0,1.5019999742507935,1048.0,43.0,1020.0,0.5,0.05000000074505806,48.7435610499233,2.3029110487550497,2025-07-30 20:24:09+00:00
74.19999694824219,76.0,103.0,1753907051000.0,1057.0,1448.0899658203125,51.0,1.5019999742507935,1050.0,43.0,1022.0,0.5,0.0,48.74352911487222,2.302903588861227,2025-07-30 20:24:11+00:00
74.80000305175781,76.0,103.0,1753907062000.0,1068.0,1463.969970703125,51.0,1.5210000276565552,1061.0,43.0,1033.0,0.5,0.054999999701976776,48.74339232221246,2.3029087018221617,2025-07-30 20:24:22+00:00
75.0,77.0,105.0,1753907072000.0,1078.0,1477.8800048828125,52.0,1.5019999742507935,1071.0,43.0,1043.0,0.5,0.019999999552965164,48.74325821176171,2.3028960451483727,2025-07-30 20:24:32+00:00
75.19999694824219,77.0,102.0,1753907081000.0,1087.0,1492.300048828125,51.0,1.5019999742507935,1080.0,43.0,1052.0,0.0,0.02199999988079071,48.74312845990062,2.302914820611477,2025-07-30 20:24:41+00:00
75.4000015258789,76.0,101.0,1753907084000.0,1090.0,1496.9000244140625,50.0,1.5019999742507935,1083.0,43.0,1055.0,0.5,0.06700000166893005,48.74308764003217,2.302913898602128,2025-07-30 20:24:44+00:00
75.5999984741211,76.0,101.0,1753907094000.0,1100.0,1511.280029296875,50.0,1.5019999742507935,1093.0,43.0,1065.0,0.5,0.019999999552965164,48.74296300113201,2.302891770377755,2025-07-30 20:24:54+00:00
76.0,73.0,99.0,1753907101000.0,1107.0,1519.6500244140625,49.0,1.4930000305175781,1100.0,43.0,1072.0,0.5,0.05700000002980232,48.74288806691766,2.30288858525455,2025-07-30 20:25:01+00:00
76.0,72.0,99.0,1753907106000.0,1112.0,1527.06005859375,49.0,1.4839999675750732,1105.0,43.0,1077.0,0.5,0.0,48.742822520434856,2.3028648644685745,2025-07-30 20:25:06+00:00
76.4000015258789,72.0,100.0,1753907110000.0,1116.0,1532.0400390625,50.0,1.4739999771118164,1109.0,43.0,1081.0,0.0,0.10000000149011612,48.742780359461904,2.302860589697957,2025-07-30 20:25:10+00:00
76.5999984741211,71.0,97.0,1753907114000.0,1120.0,1535.3599853515625,48.0,1.4559999704360962,1113.0,43.0,1085.0,0.5,0.05000000074505806,48.74274498783052,2.302861511707306,2025-07-30 20:25:14+00:00
76.5999984741211,72.0,97.0,1753907124000.0,1130.0,1551.219970703125,48.0,1.4459999799728394,1123.0,43.0,1095.0,0.5,0.0,48.7426080275327,2.3028480168431997,2025-07-30 20:25:24+00:00
77.0,71.0,89.0,1753907133000.0,1139.0,1562.5400390625,44.0,1.4279999732971191,1132.0,43.0,1104.0,0.5,0.04399999976158142,48.742511719465256,2.3028127290308475,2025-07-30 20:25:33+00:00
77.4000015258789,71.0,97.0,1753907140000.0,1146.0,1571.800048828125,48.0,1.399999976158142,1139.0,43.0,1111.0,0.5,0.05700000002980232,48.742429660633206,2.3027894273400307,2025-07-30 20:25:40+00:00
77.4000015258789,70.0,100.0,1753907143000.0,1149.0,1576.6600341796875,50.0,1.4179999828338623,1142.0,43.0,1114.0,0.0,0.0,48.74238741584122,2.302777608856559,2025-07-30 20:25:43+00:00
77.80000305175781,70.0,103.0,1753907153000.0,1159.0,1591.75,51.0,1.4279999732971191,1152.0,43.0,1124.0,0.5,0.03999999910593033,48.742252718657255,2.302725473418832,2025-07-30 20:25:53+00:00
78.19999694824219,71.0,103.0,1753907163000.0,1169.0,1607.1500244140625,51.0,1.4559999704360962,1162.0,43.0,1134.0,0.5,0.03999999910593033,48.74211709946394,2.3026925325393677,2025-07-30 20:26:03+00:00
78.4000015258789,71.0,102.0,1753907170000.0,1176.0,1616.2900390625,51.0,1.4459999799728394,1169.0,43.0,1141.0,0.0,0.028999999165534973,48.742036214098334,2.3026637826114893,2025-07-30 20:26:10+00:00
78.4000015258789,72.0,102.0,1753907172000.0,1178.0,1619.3900146484375,51.0,1.4459999799728394,1171.0,43.0,1143.0,0.0,0.0,48.74200846999884,2.3026602622121572,2025-07-30 20:26:12+00:00
78.5999984741211,71.0,105.0,1753907184000.0,1190.0,1636.97998046875,52.0,1.4559999704360962,1183.0,43.0,1155.0,0.5,0.017000000923871994,48.74185960739851,2.302594045177102,2025-07-30 20:26:24+00:00
79.19999694824219,71.0,105.0,1753907195000.0,1201.0,1651.239990234375,52.0,1.437000036239624,1194.0,43.0,1166.0,0.5,0.054999999701976776,48.74173002317548,2.3025421611964703,2025-07-30 20:26:35+00:00
79.4000015258789,72.0,103.0,1753907198000.0,1204.0,1658.06005859375,51.0,1.437000036239624,1197.0,43.0,1169.0,0.5,0.06700000166893005,48.74167327769101,2.3025264870375395,2025-07-30 20:26:38+00:00
79.5999984741211,74.0,101.0,1753907204000.0,1210.0,1666.1700439453125,50.0,1.4459999799728394,1203.0,43.0,1175.0,0.5,0.032999999821186066,48.74160127714276,2.302529336884618,2025-07-30 20:26:44+00:00
80.0,75.0,99.0,1753907212000.0,1218.0,1677.199951171875,49.0,1.437000036239624,1211.0,43.0,1183.0,0.5,0.05000000074505806,48.741504633799195,2.3025072924792767,2025-07-30 20:26:52+00:00
80.19999694824219,75.0,102.0,1753907221000.0,1227.0,1691.3900146484375,51.0,1.4559999704360962,1220.0,43.0,1192.0,0.0,0.02199999988079071,48.74137722887099,2.3024937976151705,2025-07-30 20:27:01+00:00
80.0,73.0,105.0,1753907230000.0,1236.0,1705.239990234375,52.0,1.4839999675750732,1229.0,43.0,1201.0,0.5,-0.02199999988079071,48.741259882226586,2.302461862564087,2025-07-30 20:27:10+00:00
80.4000015258789,73.0,103.0,1753907236000.0,1242.0,1713.1199951171875,51.0,1.4739999771118164,1235.0,43.0,1207.0,0.5,0.06700000166893005,48.74119425192475,2.302424479275942,2025-07-30 20:27:16+00:00
80.5999984741211,73.0,102.0,1753907240000.0,1246.0,1718.3900146484375,51.0,1.465000033378601,1239.0,43.0,1211.0,0.0,0.05000000074505806,48.74114664271474,2.3024051170796156,2025-07-30 20:27:20+00:00
80.5999984741211,72.0,102.0,1753907249000.0,1255.0,1732.5899658203125,51.0,1.465000033378601,1248.0,43.0,1220.0,0.0,0.0,48.741017393767834,2.3023745231330395,2025-07-30 20:27:29+00:00
81.0,74.0,102.0,1753907259000.0,1265.0,1747.0699462890625,51.0,1.465000033378601,1258.0,43.0,1230.0,0.0,0.03999999910593033,48.740886468440294,2.3023398220539093,2025-07-30 20:27:39+00:00
81.4000015258789,74.0,105.0,1753907269000.0,1275.0,1765.030029296875,52.0,1.4930000305175781,1268.0,43.0,1240.0,0.5,0.03999999910593033,48.74074003659189,2.302245022729039,2025-07-30 20:27:49+00:00
81.4000015258789,74.0,103.0,1753907271000.0,1277.0,1768.050048828125,51.0,1.5019999742507935,1270.0,43.0,1242.0,0.5,0.0,48.740719333291054,2.3022181168198586,2025-07-30 20:27:51+00:00
81.5999984741211,77.0,105.0,1753907275000.0,1281.0,1774.4599609375,52.0,1.5119999647140503,1274.0,43.0,1246.0,0.5,0.05000000074505806,48.74067180790007,2.3021648917347193,2025-07-30 20:27:55+00:00
81.80000305175781,79.0,102.0,1753907279000.0,1285.0,1781.2099609375,51.0,1.5210000276565552,1278.0,43.0,1250.0,0.0,0.05000000074505806,48.740633837878704,2.30209750123322,2025-07-30 20:27:59+00:00
82.19999694824219,80.0,103.0,1753907290000.0,1296.0,1797.1500244140625,51.0,1.5210000276565552,1289.0,43.0,1261.0,0.5,0.035999998450279236,48.74054289422929,2.3019396699965,2025-07-30 20:28:10+00:00
82.4000015258789,81.0,101.0,1753907300000.0,1306.0,1811.68994140625,50.0,1.5119999647140503,1299.0,43.0,1271.0,0.5,0.019999999552965164,48.740453040227294,2.3017931543290615,2025-07-30 20:28:20+00:00
82.5999984741211,81.0,100.0,1753907303000.0,1309.0,1815.8499755859375,50.0,1.5019999742507935,1302.0,43.0,1274.0,0.0,0.06700000166893005,48.74043099582195,2.3017501551657915,2025-07-30 20:28:23+00:00
83.0,81.0,101.0,1753907314000.0,1320.0,1831.27001953125,50.0,1.4559999704360962,1313.0,43.0,1285.0,0.5,0.035999998450279236,48.740337789058685,2.301591318100691,2025-07-30 20:28:34+00:00
83.5999984741211,81.0,97.0,1753907323000.0,1329.0,1842.6300048828125,48.0,1.437000036239624,1322.0,43.0,1294.0,0.5,0.06700000166893005,48.740263022482395,2.301484029740095,2025-07-30 20:28:43+00:00
83.5999984741211,81.0,100.0,1753907325000.0,1331.0,1845.06005859375,50.0,1.4279999732971191,1324.0,43.0,1296.0,0.0,0.0,48.740244917571545,2.3014629911631346,2025-07-30 20:28:45+00:00
84.0,82.0,96.0,1753907337000.0,1343.0,1860.8900146484375,48.0,1.3899999856948853,1336.0,43.0,1308.0,0.0,0.032999999821186066,48.74015288427472,2.3013033997267485,2025-07-30 20:28:57+00:00
84.5999984741211,81.0,97.0,1753907346000.0,1352.0,1873.4200439453125,48.0,1.3619999885559082,1345.0,43.0,1317.0,0.5,0.06700000166893005,48.74009856954217,2.3011578898876905,2025-07-30 20:29:06+00:00
84.80000305175781,81.0,97.0,1753907348000.0,1354.0,1874.8900146484375,48.0,1.3619999885559082,1347.0,43.0,1319.0,0.5,0.10000000149011612,48.740091025829315,2.301138862967491,2025-07-30 20:29:08+00:00
85.0,81.0,96.0,1753907359000.0,1365.0,1889.72998046875,48.0,1.3339999914169312,1358.0,43.0,1330.0,0.0,0.017999999225139618,48.7399934604764,2.300991676747799,2025-07-30 20:29:19+00:00
85.19999694824219,81.0,96.0,1753907370000.0,1376.0,1904.739990234375,48.0,1.3339999914169312,1369.0,43.0,1341.0,0.0,0.017999999225139618,48.73990997672081,2.3008430656045675,2025-07-30 20:29:30+00:00
85.4000015258789,80.0,100.0,1753907380000.0,1386.0,1919.550048828125,50.0,1.343999981880188,1379.0,43.0,1351.0,0.0,0.019999999552965164,48.73981358483434,2.3007050156593323,2025-07-30 20:29:40+00:00
85.5999984741211,82.0,100.0,1753907384000.0,1390.0,1925.77001953125,50.0,1.3530000448226929,1383.0,43.0,1355.0,0.0,0.05000000074505806,48.73978206887841,2.3006351944059134,2025-07-30 20:29:44+00:00
85.80000305175781,82.0,101.0,1753907388000.0,1394.0,1931.1500244140625,50.0,1.371999979019165,1387.0,43.0,1359.0,0.5,0.05000000074505806,48.739758264273405,2.3005724977701902,2025-07-30 20:29:48+00:00
86.0,82.0,101.0,1753907397000.0,1403.0,1943.77001953125,50.0,1.371999979019165,1396.0,43.0,1368.0,0.5,0.02199999988079071,48.739690370857716,2.300433609634638,2025-07-30 20:29:57+00:00
86.19999694824219,82.0,102.0,1753907406000.0,1412.0,1954.989990234375,51.0,1.3530000448226929,1405.0,43.0,1377.0,0.0,0.02199999988079071,48.739623818546534,2.3003047797828913,2025-07-30 20:30:06+00:00
86.5999984741211,82.0,105.0,1753907415000.0,1421.0,1970.22998046875,52.0,1.38100004196167,1414.0,43.0,1386.0,0.5,0.04399999976158142,48.73954008333385,2.3001506365835667,2025-07-30 20:30:15+00:00
86.5999984741211,82.0,103.0,1753907417000.0,1423.0,1972.800048828125,51.0,1.3899999856948853,1416.0,43.0,1388.0,0.5,0.0,48.73952943831682,2.300120461732149,2025-07-30 20:30:17+00:00
86.80000305175781,82.0,103.0,1753907423000.0,1429.0,1979.18994140625,51.0,1.38100004196167,1422.0,43.0,1394.0,0.5,0.032999999821186066,48.7394855171442,2.3000467848032713,2025-07-30 20:30:23+00:00
87.0,79.0,107.0,1753907433000.0,1439.0,1996.5400390625,53.0,1.3899999856948853,1432.0,43.0,1404.0,0.5,0.019999999552965164,48.73937060125172,2.2998876962810755,2025-07-30 20:30:33+00:00
87.19999694824219,80.0,106.0,1753907444000.0,1450.0,2015.1300048828125,53.0,1.4559999704360962,1443.0,43.0,1415.0,0.0,0.017999999225139618,48.739280411973596,2.2996950801461935,2025-07-30 20:30:44+00:00
87.5999984741211,78.0,103.0,1753907457000.0,1463.0,2035.050048828125,51.0,1.5299999713897705,1456.0,43.0,1428.0,0.5,0.03099999949336052,48.7391905579716,2.2994613088667393,2025-07-30 20:30:57+00:00
87.5999984741211,78.0,107.0,1753907467000.0,1473.0,2049.610107421875,53.0,1.5210000276565552,1466.0,43.0,1438.0,0.5,0.0,48.739142613485456,2.2992791701108217,2025-07-30 20:31:07+00:00
87.5999984741211,78.0,108.0,1753907469000.0,1475.0,2052.080078125,54.0,1.5019999742507935,1468.0,43.0,1440.0,0.0,0.0,48.73912425711751,2.299251761287451,2025-07-30 20:31:09+00:00
87.80000305175781,78.0,106.0,1753907477000.0,1483.0,2064.97998046875,53.0,1.5019999742507935,1476.0,43.0,1448.0,0.0,0.02500000037252903,48.73905016109347,2.299115303903818,2025-07-30 20:31:17+00:00
88.0,79.0,106.0,1753907486000.0,1492.0,2078.10009765625,53.0,1.5210000276565552,1485.0,43.0,1457.0,0.0,0.02199999988079071,48.73898905701935,2.2989620827138424,2025-07-30 20:31:26+00:00
88.19999694824219,80.0,107.0,1753907496000.0,1502.0,2095.2900390625,53.0,1.5399999618530273,1495.0,43.0,1467.0,0.5,0.019999999552965164,48.73890046030283,2.298766700550914,2025-07-30 20:31:36+00:00
88.4000015258789,79.0,107.0,1753907507000.0,1513.0,2112.550048828125,53.0,1.5679999589920044,1506.0,43.0,1478.0,0.5,0.017999999225139618,48.73880574479699,2.298589004203677,2025-07-30 20:31:47+00:00
88.4000015258789,79.0,107.0,1753907517000.0,1523.0,2127.3798828125,53.0,1.5490000247955322,1516.0,43.0,1488.0,0.5,0.0,48.73873273842037,2.298412397503853,2025-07-30 20:31:57+00:00
88.5999984741211,78.0,108.0,1753907527000.0,1533.0,2142.35009765625,54.0,1.5579999685287476,1526.0,43.0,1498.0,0.0,0.019999999552965164,48.73866316862404,2.298240317031741,2025-07-30 20:32:07+00:00
88.5999984741211,76.0,106.0,1753907531000.0,1537.0,2148.780029296875,53.0,1.5490000247955322,1530.0,43.0,1502.0,0.0,0.0,48.738628551363945,2.2981700766831636,2025-07-30 20:32:11+00:00
88.5999984741211,75.0,107.0,1753907539000.0,1545.0,2163.449951171875,53.0,1.5959999561309814,1538.0,43.0,1510.0,0.5,0.0,48.738566944375634,2.297999504953623,2025-07-30 20:32:19+00:00
88.5999984741211,79.0,108.0,1753907546000.0,1552.0,2173.320068359375,54.0,1.6050000190734863,1545.0,43.0,1517.0,0.0,0.0,48.73852067627013,2.2978859301656485,2025-07-30 20:32:26+00:00
88.5999984741211,80.0,106.0,1753907551000.0,1557.0,2181.35009765625,53.0,1.5959999561309814,1550.0,43.0,1522.0,0.0,0.0,48.73847675509751,2.2977978363633156,2025-07-30 20:32:31+00:00
88.5999984741211,80.0,106.0,1753907564000.0,1570.0,2202.60009765625,53.0,1.5959999561309814,1563.0,43.0,1535.0,0.0,0.0,48.738376842811704,2.297553839161992,2025-07-30 20:32:44+00:00
88.5999984741211,80.0,106.0,1753907565000.0,1571.0,2204.050048828125,53.0,1.5959999561309814,1564.0,43.0,1536.0,0.0,0.0,48.73836846090853,2.297535315155983,2025-07-30 20:32:45+00:00
88.80000305175781,80.0,113.0,1753907575000.0,1581.0,2219.52001953125,56.0,1.5959999561309814,1574.0,43.0,1546.0,0.5,0.019999999552965164,48.73830769211054,2.2973571997135878,2025-07-30 20:32:55+00:00
89.0,80.0,107.0,1753907585000.0,1591.0,2235.52001953125,53.0,1.5959999561309814,1584.0,43.0,1556.0,0.5,0.019999999552965164,48.73821280896664,2.297184532508254,2025-07-30 20:33:05+00:00
89.0,80.0,108.0,1753907597000.0,1603.0,2253.679931640625,54.0,1.5770000219345093,1596.0,43.0,1568.0,0.0,0.0,48.7381474301219,2.2969600651413202,2025-07-30 20:33:17+00:00
89.19999694824219,81.0,107.0,1753907605000.0,1611.0,2266.39990234375,53.0,1.5679999589920044,1604.0,43.0,1576.0,0.5,0.02500000037252903,48.73809898272157,2.2967965342104435,2025-07-30 20:33:25+00:00
89.0,79.0,108.0,1753907617000.0,1623.0,2285.110107421875,54.0,1.5770000219345093,1616.0,43.0,1588.0,0.0,-0.017000000923871994,48.738022120669484,2.2965692169964314,2025-07-30 20:33:37+00:00
89.0,76.0,106.0,1753907624000.0,1630.0,2295.919921875,53.0,1.5679999589920044,1623.0,43.0,1595.0,0.0,0.0,48.73797845095396,2.296437118202448,2025-07-30 20:33:44+00:00
89.19999694824219,76.0,107.0,1753907627000.0,1633.0,2301.610107421875,53.0,1.5770000219345093,1626.0,43.0,1598.0,0.5,0.06700000166893005,48.737958082929254,2.2963714879006147,2025-07-30 20:33:47+00:00
89.4000015258789,75.0,107.0,1753907639000.0,1645.0,2319.800048828125,53.0,1.5859999656677246,1638.0,43.0,1610.0,0.5,0.017000000923871994,48.73789831995964,2.296139057725668,2025-07-30 20:33:59+00:00
89.19999694824219,73.0,106.0,1753907651000.0,1657.0,2339.8701171875,53.0,1.5859999656677246,1650.0,43.0,1622.0,0.0,-0.017000000923871994,48.737830175086856,2.295893719419837,2025-07-30 20:34:11+00:00
89.19999694824219,74.0,106.0,1753907652000.0,1658.0,2341.3798828125,53.0,1.5859999656677246,1651.0,43.0,1623.0,0.0,0.0,48.73782405629754,2.2958741895854473,2025-07-30 20:34:12+00:00
89.19999694824219,76.0,106.0,1753907661000.0,1667.0,2354.889892578125,53.0,1.5859999656677246,1660.0,43.0,1632.0,0.0,0.0,48.73777619563043,2.2957091499119997,2025-07-30 20:34:21+00:00
89.0,79.0,103.0,1753907669000.0,1675.0,2364.949951171875,51.0,1.5679999589920044,1668.0,43.0,1640.0,0.5,-0.02500000037252903,48.73773688450456,2.295580403879285,2025-07-30 20:34:29+00:00
88.80000305175781,78.0,99.0,1753907673000.0,1679.0,2370.6201171875,49.0,1.5579999685287476,1672.0,43.0,1644.0,0.5,-0.05000000074505806,48.73771894723177,2.2955107502639294,2025-07-30 20:34:33+00:00
88.5999984741211,78.0,105.0,1753907681000.0,1687.0,2381.47998046875,52.0,1.5299999713897705,1680.0,43.0,1652.0,0.5,-0.02500000037252903,48.73768131248653,2.295380663126707,2025-07-30 20:34:41+00:00
89.5999984741211,77.0,100.0,1753907692000.0,1698.0,2397.0,50.0,1.465000033378601,1691.0,43.0,1663.0,0.0,0.09099999815225601,48.73760126531124,2.2951940819621086,2025-07-30 20:34:52+00:00
89.5999984741211,78.0,102.0,1753907700000.0,1706.0,2410.06005859375,51.0,1.465000033378601,1699.0,43.0,1671.0,0.0,0.0,48.73753471300006,2.2950572054833174,2025-07-30 20:35:00+00:00
89.19999694824219,78.0,103.0,1753907709000.0,1715.0,2423.739990234375,51.0,1.465000033378601,1708.0,43.0,1680.0,0.5,-0.04399999976158142,48.737468495965004,2.2949009668082,2025-07-30 20:35:09+00:00
89.5999984741211,76.0,103.0,1753907719000.0,1725.0,2438.800048828125,51.0,1.4839999675750732,1718.0,43.0,1690.0,0.5,0.03999999910593033,48.73739322647452,2.294735088944435,2025-07-30 20:35:19+00:00
89.4000015258789,76.0,106.0,1753907730000.0,1736.0,2454.2099609375,53.0,1.465000033378601,1729.0,43.0,1701.0,0.0,-0.017999999225139618,48.73731720261276,2.294555800035596,2025-07-30 20:35:30+00:00
89.5999984741211,76.0,103.0,1753907735000.0,1741.0,2460.800048828125,51.0,1.4559999704360962,1734.0,43.0,1706.0,0.5,0.03999999910593033,48.737281830981374,2.294481201097369,2025-07-30 20:35:35+00:00
90.0,76.0,102.0,1753907740000.0,1746.0,2469.8701171875,51.0,1.4559999704360962,1739.0,43.0,1711.0,0.0,0.07999999821186066,48.73722843825817,2.294386737048626,2025-07-30 20:35:40+00:00
89.80000305175781,79.0,102.0,1753907751000.0,1757.0,2486.89990234375,51.0,1.4839999675750732,1750.0,43.0,1722.0,0.0,-0.017999999225139618,48.73714084737003,2.2941988985985518,2025-07-30 20:35:51+00:00
89.5999984741211,82.0,103.0,1753907754000.0,1760.0,2491.679931640625,51.0,1.4739999771118164,1753.0,43.0,1725.0,0.5,-0.06700000166893005,48.73711553402245,2.294145254418254,2025-07-30 20:35:54+00:00
89.4000015258789,81.0,103.0,1753907762000.0,1768.0,2502.949951171875,51.0,1.5019999742507935,1761.0,43.0,1733.0,0.5,-0.02500000037252903,48.73706708662212,2.2940175980329514,2025-07-30 20:36:02+00:00
89.5999984741211,80.0,101.0,1753907771000.0,1777.0,2515.590087890625,50.0,1.4739999771118164,1770.0,43.0,1742.0,0.5,0.02199999988079071,48.73701394535601,2.2938678972423077,2025-07-30 20:36:11+00:00
89.80000305175781,80.0,102.0,1753907783000.0,1789.0,2532.89990234375,51.0,1.4459999799728394,1782.0,43.0,1754.0,0.0,0.017000000923871994,48.73694554902613,2.29365399107337,2025-07-30 20:36:23+00:00
90.0,80.0,105.0,1753907793000.0,1799.0,2548.320068359375,52.0,1.4559999704360962,1792.0,43.0,1764.0,0.5,0.019999999552965164,48.73686147853732,2.29348735883832,2025-07-30 20:36:33+00:00
90.0,81.0,107.0,1753907802000.0,1808.0,2560.6298828125,53.0,1.4559999704360962,1801.0,43.0,1773.0,0.5,0.0,48.73680515214801,2.293337658047676,2025-07-30 20:36:42+00:00
90.19999694824219,82.0,105.0,1753907811000.0,1817.0,2574.27001953125,52.0,1.4559999704360962,1810.0,43.0,1782.0,0.5,0.02199999988079071,48.7367657572031,2.2931607998907566,2025-07-30 20:36:51+00:00
90.19999694824219,84.0,105.0,1753907820000.0,1826.0,2589.530029296875,52.0,1.4739999771118164,1819.0,43.0,1791.0,0.5,0.0,48.73670423403382,2.292980505153537,2025-07-30 20:37:00+00:00
90.0,85.0,107.0,1753907831000.0,1837.0,2604.639892578125,53.0,1.465000033378601,1830.0,43.0,1802.0,0.5,-0.017999999225139618,48.73664489015937,2.2927940916270018,2025-07-30 20:37:11+00:00
90.4000015258789,85.0,103.0,1753907843000.0,1849.0,2623.199951171875,51.0,1.4739999771118164,1842.0,43.0,1814.0,0.5,0.032999999821186066,48.73658345080912,2.292568953707814,2025-07-30 20:37:23+00:00
90.4000015258789,84.0,106.0,1753907854000.0,1860.0,2638.5400390625,53.0,1.465000033378601,1853.0,43.0,1825.0,0.0,0.0,48.73652343638241,2.2923732362687588,2025-07-30 20:37:34+00:00
90.19999694824219,85.0,106.0,1753907862000.0,1868.0,2652.530029296875,53.0,1.4839999675750732,1861.0,43.0,1833.0,0.0,-0.02500000037252903,48.7364705465734,2.292205598205328,2025-07-30 20:37:42+00:00
90.5999984741211,83.0,106.0,1753907872000.0,1878.0,2668.47998046875,53.0,1.5210000276565552,1871.0,43.0,1843.0,0.0,0.03999999910593033,48.736421847715974,2.2920063603669405,2025-07-30 20:37:52+00:00
90.80000305175781,83.0,105.0,1753907874000.0,1880.0,2671.60009765625,52.0,1.5210000276565552,1873.0,43.0,1845.0,0.5,0.10000000149011612,48.73640944249928,2.2919706534594297,2025-07-30 20:37:54+00:00
90.4000015258789,81.0,103.0,1753907883000.0,1889.0,2684.110107421875,51.0,1.5119999647140503,1882.0,43.0,1854.0,0.5,-0.04399999976158142,48.73636267147958,2.2918143309652805,2025-07-30 20:38:03+00:00
90.19999694824219,81.0,0.0,1753907889000.0,1895.0,2686.949951171875,0.0,1.3899999856948853,1888.0,43.0,1860.0,0.0,-0.032999999821186066,48.73635244555771,2.2917748522013426,2025-07-30 20:38:09+00:00
90.19999694824219,81.0,100.0,1753907895000.0,1901.0,2694.35009765625,50.0,1.399999976158142,1894.0,43.0,1866.0,0.0,0.0,48.73633014969528,2.2916839085519314,2025-07-30 20:38:15+00:00
91.0,80.0,100.0,1753907904000.0,1910.0,2707.159912109375,50.0,1.409000039100647,1903.0,43.0,1875.0,0.0,0.08900000154972076,48.73627072200179,2.2915386501699686,2025-07-30 20:38:24+00:00
90.80000305175781,80.0,103.0,1753907916000.0,1922.0,2725.02001953125,51.0,1.409000039100647,1915.0,43.0,1887.0,0.5,-0.017000000923871994,48.73619821853936,2.291318206116557,2025-07-30 20:38:36+00:00
90.80000305175781,81.0,106.0,1753907925000.0,1931.0,2738.2099609375,53.0,1.4459999799728394,1924.0,43.0,1896.0,0.0,0.0,48.73616075143218,2.291144533082843,2025-07-30 20:38:45+00:00
91.0,81.0,106.0,1753907934000.0,1940.0,2753.260009765625,53.0,1.5210000276565552,1933.0,43.0,1905.0,0.0,0.02199999988079071,48.73609118163586,2.290969016030431,2025-07-30 20:38:54+00:00
91.0,82.0,105.0,1753907945000.0,1951.0,2769.830078125,52.0,1.5579999685287476,1944.0,43.0,1916.0,0.5,0.0,48.73602102510631,2.2907820157706738,2025-07-30 20:39:05+00:00
90.80000305175781,81.0,106.0,1753907955000.0,1961.0,2783.6298828125,53.0,1.5399999618530273,1954.0,43.0,1926.0,0.0,-0.019999999552965164,48.73596293851733,2.2906027268618345,2025-07-30 20:39:15+00:00
90.80000305175781,81.0,105.0,1753907967000.0,1973.0,2801.800048828125,52.0,1.5210000276565552,1966.0,43.0,1938.0,0.5,0.0,48.73589060269296,2.2903809417039156,2025-07-30 20:39:27+00:00
91.0,80.0,106.0,1753907977000.0,1983.0,2817.3701171875,53.0,1.5299999713897705,1976.0,43.0,1948.0,0.0,0.019999999552965164,48.73583008535206,2.290195282548666,2025-07-30 20:39:37+00:00
91.4000015258789,78.0,105.0,1753907986000.0,1992.0,2832.070068359375,52.0,1.5299999713897705,1985.0,43.0,1957.0,0.5,0.04399999976158142,48.73577384278178,2.290010377764702,2025-07-30 20:39:46+00:00
91.4000015258789,79.0,107.0,1753907996000.0,2002.0,2847.169921875,53.0,1.5399999618530273,1995.0,43.0,1967.0,0.5,0.0,48.73571961186826,2.289825975894928,2025-07-30 20:39:56+00:00
91.5999984741211,80.0,106.0,1753908007000.0,2013.0,2865.330078125,53.0,1.5490000247955322,2006.0,43.0,1978.0,0.0,0.017999999225139618,48.73565163463354,2.2896025143563747,2025-07-30 20:40:07+00:00
91.80000305175781,80.0,106.0,1753908018000.0,2024.0,2882.830078125,53.0,1.5490000247955322,2017.0,43.0,1989.0,0.0,0.017999999225139618,48.73559698462486,2.289383914321661,2025-07-30 20:40:18+00:00
92.0,80.0,106.0,1753908020000.0,2026.0,2885.679931640625,53.0,1.5490000247955322,2019.0,43.0,1991.0,0.0,0.10000000149011612,48.73559162020683,2.2893451061099768,2025-07-30 20:40:20+00:00
91.5999984741211,77.0,103.0,1753908026000.0,2032.0,2893.8701171875,51.0,1.5299999713897705,2025.0,43.0,1997.0,0.5,-0.06700000166893005,48.73556991107762,2.2892397455871105,2025-07-30 20:40:26+00:00
91.80000305175781,77.0,105.0,1753908030000.0,2036.0,2899.77001953125,52.0,1.5210000276565552,2029.0,43.0,2001.0,0.5,0.05000000074505806,48.735535545274615,2.2891735285520554,2025-07-30 20:40:30+00:00
91.80000305175781,76.0,103.0,1753908042000.0,2048.0,2918.85009765625,51.0,1.5299999713897705,2041.0,43.0,2013.0,0.5,0.0,48.73547452501953,2.288933303207159,2025-07-30 20:40:42+00:00
91.5999984741211,77.0,107.0,1753908052000.0,2058.0,2933.10009765625,53.0,1.5119999647140503,2051.0,43.0,2023.0,0.5,-0.019999999552965164,48.73544342815876,2.2887385077774525,2025-07-30 20:40:52+00:00
91.5999984741211,76.0,106.0,1753908062000.0,2068.0,2948.580078125,53.0,1.5119999647140503,2061.0,43.0,2033.0,0.0,0.0,48.73538366518915,2.288552848622203,2025-07-30 20:41:02+00:00
91.80000305175781,76.0,106.0,1753908072000.0,2078.0,2964.22998046875,53.0,1.5119999647140503,2071.0,43.0,2043.0,0.0,0.019999999552965164,48.73533044010401,2.2883484978228807,2025-07-30 20:41:12+00:00
92.0,74.0,105.0,1753908083000.0,2089.0,2979.840087890625,52.0,1.5119999647140503,2082.0,43.0,2054.0,0.5,0.017999999225139618,48.73527863994241,2.2881568875163794,2025-07-30 20:41:23+00:00
92.19999694824219,73.0,106.0,1753908093000.0,2099.0,2995.199951171875,53.0,1.5119999647140503,2092.0,43.0,2064.0,0.0,0.019999999552965164,48.73524251393974,2.287956727668643,2025-07-30 20:41:33+00:00
92.4000015258789,72.0,106.0,1753908103000.0,2109.0,3009.419921875,53.0,1.5019999742507935,2102.0,43.0,2074.0,0.0,0.019999999552965164,48.73519909568131,2.287778193131089,2025-07-30 20:41:43+00:00
92.4000015258789,72.0,106.0,1753908111000.0,2117.0,3021.159912109375,53.0,1.5019999742507935,2110.0,43.0,2082.0,0.0,0.0,48.73516816645861,2.287617763504386,2025-07-30 20:41:51+00:00
92.4000015258789,72.0,106.0,1753908122000.0,2128.0,3040.090087890625,53.0,1.5119999647140503,2121.0,43.0,2093.0,0.0,0.0,48.73512106016278,2.2873751912266016,2025-07-30 20:42:02+00:00
92.19999694824219,73.0,105.0,1753908132000.0,2138.0,3054.169921875,52.0,1.5119999647140503,2131.0,43.0,2103.0,0.5,-0.019999999552965164,48.73507739044726,2.2871981654316187,2025-07-30 20:42:12+00:00
92.4000015258789,72.0,107.0,1753908143000.0,2149.0,3071.93994140625,53.0,1.5210000276565552,2142.0,43.0,2114.0,0.5,0.017999999225139618,48.73502894304693,2.286967998370528,2025-07-30 20:42:23+00:00
92.19999694824219,74.0,106.0,1753908154000.0,2160.0,3089.110107421875,53.0,1.5399999618530273,2153.0,43.0,2125.0,0.0,-0.017999999225139618,48.73499047011137,2.286745458841324,2025-07-30 20:42:34+00:00
92.4000015258789,74.0,106.0,1753908164000.0,2170.0,3103.1298828125,53.0,1.5299999713897705,2163.0,43.0,2135.0,0.0,0.019999999552965164,48.73496054671705,2.286555105820298,2025-07-30 20:42:44+00:00
92.4000015258789,74.0,105.0,1753908174000.0,2180.0,3117.81005859375,52.0,1.5119999647140503,2173.0,43.0,2145.0,0.5,0.0,48.73492416925728,2.2863615676760674,2025-07-30 20:42:54+00:00
92.4000015258789,75.0,106.0,1753908184000.0,2190.0,3134.050048828125,53.0,1.5210000276565552,2183.0,43.0,2155.0,0.0,0.0,48.73487471602857,2.2861535288393497,2025-07-30 20:43:04+00:00
92.4000015258789,78.0,105.0,1753908194000.0,2200.0,3149.0400390625,52.0,1.5210000276565552,2193.0,43.0,2165.0,0.5,0.0,48.73483892530203,2.285957559943199,2025-07-30 20:43:14+00:00
92.4000015258789,77.0,105.0,1753908195000.0,2201.0,3150.719970703125,52.0,1.5210000276565552,2194.0,43.0,2166.0,0.5,0.0,48.734836243093014,2.285937862470746,2025-07-30 20:43:15+00:00
92.4000015258789,77.0,107.0,1753908205000.0,2211.0,3165.8798828125,53.0,1.5299999713897705,2204.0,43.0,2176.0,0.5,0.0,48.73478804714978,2.2857519518584013,2025-07-30 20:43:25+00:00
92.5999984741211,78.0,103.0,1753908215000.0,2221.0,3180.760009765625,51.0,1.5210000276565552,2214.0,43.0,2186.0,0.5,0.019999999552965164,48.73472560197115,2.2855792846530676,2025-07-30 20:43:35+00:00
92.5999984741211,78.0,103.0,1753908216000.0,2222.0,3182.360107421875,51.0,1.5210000276565552,2215.0,43.0,2187.0,0.5,0.0,48.73470892198384,2.2855861578136683,2025-07-30 20:43:36+00:00
92.80000305175781,77.0,111.0,1753908220000.0,2226.0,3188.699951171875,55.0,1.5210000276565552,2219.0,43.0,2191.0,0.5,0.05000000074505806,48.73465393669903,2.28559210896492,2025-07-30 20:43:40+00:00
92.80000305175781,78.0,111.0,1753908221000.0,2227.0,3189.97998046875,55.0,1.5299999713897705,2220.0,43.0,2192.0,0.5,0.0,48.73464102856815,2.285590600222349,2025-07-30 20:43:41+00:00
92.80000305175781,78.0,105.0,1753908229000.0,2235.0,3202.25,52.0,1.5119999647140503,2228.0,43.0,2200.0,0.5,0.0,48.73455570079386,2.2854875028133392,2025-07-30 20:43:49+00:00
92.80000305175781,78.0,105.0,1753908238000.0,2244.0,3214.31005859375,52.0,1.4930000305175781,2237.0,43.0,2209.0,0.5,0.0,48.73446702025831,2.2854097187519073,2025-07-30 20:43:58+00:00
92.4000015258789,78.0,105.0,1753908247000.0,2253.0,3228.199951171875,52.0,1.4930000305175781,2246.0,43.0,2218.0,0.5,-0.04399999976158142,48.734353110194206,2.285489346832037,2025-07-30 20:44:07+00:00
91.80000305175781,77.0,106.0,1753908257000.0,2263.0,3243.090087890625,53.0,1.4839999675750732,2256.0,43.0,2228.0,0.0,-0.05999999865889549,48.73422662727535,2.2855758480727673,2025-07-30 20:44:17+00:00
91.5999984741211,77.0,106.0,1753908258000.0,2264.0,3245.14990234375,53.0,1.4839999675750732,2257.0,43.0,2229.0,0.0,-0.20000000298023224,48.734213802963495,2.2855896782130003,2025-07-30 20:44:18+00:00
91.5999984741211,79.0,106.0,1753908269000.0,2275.0,3261.739990234375,53.0,1.5119999647140503,2268.0,43.0,2240.0,0.0,0.0,48.73407860286534,2.2856735810637474,2025-07-30 20:44:29+00:00
91.5999984741211,79.0,107.0,1753908271000.0,2277.0,3264.5,53.0,1.5019999742507935,2270.0,43.0,2242.0,0.5,0.0,48.73406552709639,2.28564097546041,2025-07-30 20:44:31+00:00
92.0,80.0,105.0,1753908274000.0,2280.0,3270.760009765625,52.0,1.5119999647140503,2273.0,43.0,2245.0,0.5,0.13300000131130219,48.73404507525265,2.2855662927031517,2025-07-30 20:44:34+00:00
92.19999694824219,79.0,102.0,1753908277000.0,2283.0,3274.739990234375,51.0,1.5210000276565552,2276.0,43.0,2248.0,0.0,0.06700000166893005,48.7340113800019,2.2855553962290287,2025-07-30 20:44:37+00:00
92.19999694824219,79.0,102.0,1753908279000.0,2285.0,3277.10009765625,51.0,1.5119999647140503,2278.0,43.0,2250.0,0.0,0.0,48.7339907605201,2.2855687234550714,2025-07-30 20:44:39+00:00
92.0,79.0,106.0,1753908288000.0,2294.0,3292.139892578125,53.0,1.5299999713897705,2287.0,43.0,2259.0,0.0,-0.02199999988079071,48.733874252066016,2.285651620477438,2025-07-30 20:44:48+00:00
91.4000015258789,79.0,105.0,1753908299000.0,2305.0,3306.9599609375,52.0,1.5019999742507935,2298.0,43.0,2270.0,0.5,-0.054999999701976776,48.733743662014604,2.2857121378183365,2025-07-30 20:44:59+00:00
90.80000305175781,77.0,108.0,1753908309000.0,2315.0,3320.889892578125,54.0,1.4930000305175781,2308.0,43.0,2280.0,0.0,-0.05999999865889549,48.73362623155117,2.285800399258733,2025-07-30 20:45:09+00:00
90.4000015258789,77.0,108.0,1753908318000.0,2324.0,3335.469970703125,54.0,1.5019999742507935,2317.0,43.0,2289.0,0.0,-0.04399999976158142,48.73350838199258,2.2858753334730864,2025-07-30 20:45:18+00:00
90.4000015258789,74.0,106.0,1753908325000.0,2331.0,3345.68994140625,53.0,1.5119999647140503,2324.0,43.0,2296.0,0.0,0.0,48.73342489823699,2.285931743681431,2025-07-30 20:45:25+00:00
90.4000015258789,74.0,106.0,1753908326000.0,2332.0,3347.14990234375,53.0,1.5019999742507935,2325.0,43.0,2297.0,0.0,0.0,48.73341274447739,2.2859353478997946,2025-07-30 20:45:26+00:00
90.4000015258789,74.0,103.0,1753908336000.0,2342.0,3363.60009765625,51.0,1.5119999647140503,2335.0,43.0,2307.0,0.5,0.0,48.73327544890344,2.28599913418293,2025-07-30 20:45:36+00:00
90.0,72.0,105.0,1753908347000.0,2353.0,3377.72998046875,52.0,1.4839999675750732,2346.0,43.0,2318.0,0.5,-0.035999998450279236,48.73315173201263,2.2860794328153133,2025-07-30 20:45:47+00:00
90.0,71.0,0.0,1753908355000.0,2361.0,3381.320068359375,0.0,0.9240000247955322,2354.0,43.0,2326.0,0.0,0.0,48.733133459463716,2.2860972862690687,2025-07-30 20:45:55+00:00
89.80000305175781,74.0,0.0,1753908360000.0,2366.0,3385.9599609375,0.0,0.9419999718666077,2359.0,42.0,2331.0,0.0,-0.03999999910593033,48.7330895382911,2.286108434200287,2025-07-30 20:46:00+00:00
89.80000305175781,75.0,105.0,1753908361000.0,2367.0,3387.590087890625,52.0,1.0920000076293945,2360.0,42.0,2332.0,0.5,0.0,48.733075791969895,2.2861115355044603,2025-07-30 20:46:01+00:00
89.80000305175781,78.0,106.0,1753908362000.0,2368.0,3388.969970703125,53.0,1.184999942779541,2361.0,42.0,2333.0,0.0,0.0,48.73306271620095,2.2861127089709044,2025-07-30 20:46:02+00:00
89.80000305175781,82.0,106.0,1753908364000.0,2370.0,3391.780029296875,53.0,1.437000036239624,2363.0,42.0,2335.0,0.0,0.0,48.73303689993918,2.2861205879598856,2025-07-30 20:46:04+00:00
89.80000305175781,88.0,106.0,1753908365000.0,2371.0,3393.0400390625,53.0,1.4179999828338623,2364.0,42.0,2336.0,0.0,0.0,48.73302633874118,2.2861225996166468,2025-07-30 20:46:05+00:00
89.80000305175781,91.0,106.0,1753908366000.0,2372.0,3394.669921875,53.0,1.4179999828338623,2365.0,42.0,2337.0,0.0,0.0,48.733011335134506,2.286130730062723,2025-07-30 20:46:06+00:00
90.19999694824219,95.0,102.0,1753908368000.0,2374.0,3397.35009765625,51.0,1.38100004196167,2367.0,42.0,2339.0,0.0,0.20000000298023224,48.73298518359661,2.2861462365835905,2025-07-30 20:46:08+00:00
90.4000015258789,98.0,101.0,1753908370000.0,2376.0,3400.2099609375,50.0,1.38100004196167,2369.0,42.0,2341.0,0.5,0.10000000149011612,48.73296171426773,2.2861589770764112,2025-07-30 20:46:10+00:00
90.5999984741211,99.0,105.0,1753908374000.0,2380.0,3406.1298828125,52.0,1.399999976158142,2373.0,42.0,2345.0,0.5,0.05000000074505806,48.732914021238685,2.28618822991848,2025-07-30 20:46:14+00:00
90.80000305175781,98.0,105.0,1753908375000.0,2381.0,3408.0400390625,52.0,1.409000039100647,2374.0,42.0,2346.0,0.5,0.20000000298023224,48.73289725743234,2.2861986234784126,2025-07-30 20:46:15+00:00
91.0,99.0,105.0,1753908380000.0,2386.0,3415.699951171875,52.0,1.4459999799728394,2379.0,42.0,2351.0,0.5,0.03999999910593033,48.732835901901126,2.2862363420426846,2025-07-30 20:46:20+00:00
91.19999694824219,101.0,105.0,1753908385000.0,2391.0,3423.719970703125,52.0,1.5019999742507935,2384.0,42.0,2356.0,0.5,0.03999999910593033,48.7327663321048,2.286278000101447,2025-07-30 20:46:25+00:00
91.4000015258789,103.0,103.0,1753908390000.0,2396.0,3430.739990234375,51.0,1.4839999675750732,2389.0,42.0,2361.0,0.5,0.03999999910593033,48.732707826420665,2.286316053941846,2025-07-30 20:46:30+00:00
90.80000305175781,105.0,104.0,1753908398000.0,2404.0,3443.179931640625,52.0,1.4930000305175781,2397.0,42.0,2369.0,0.0,-0.07500000298023224,48.73261051252484,2.286372296512127,2025-07-30 20:46:38+00:00
90.80000305175781,103.0,106.0,1753908405000.0,2411.0,3451.2900390625,53.0,1.4930000305175781,2404.0,42.0,2376.0,0.0,0.0,48.732535829767585,2.2864125296473503,2025-07-30 20:46:45+00:00
90.19999694824219,101.0,103.0,1753908417000.0,2423.0,3469.5400390625,51.0,1.4930000305175781,2416.0,42.0,2388.0,0.5,-0.05000000074505806,48.73238596133888,2.2865059040486813,2025-07-30 20:46:57+00:00
89.80000305175781,98.0,103.0,1753908424000.0,2430.0,3479.840087890625,51.0,1.4559999704360962,2423.0,42.0,2395.0,0.5,-0.05700000002980232,48.732296945527196,2.286552172154188,2025-07-30 20:47:04+00:00
89.5999984741211,98.0,102.0,1753908428000.0,2434.0,3486.22998046875,51.0,1.465000033378601,2427.0,42.0,2399.0,0.0,-0.05000000074505806,48.73224531300366,2.2865650802850723,2025-07-30 20:47:08+00:00
89.0,99.0,105.0,1753908439000.0,2445.0,3501.5,52.0,1.4459999799728394,2438.0,42.0,2410.0,0.5,-0.054999999701976776,48.73211346566677,2.2866354044526815,2025-07-30 20:47:19+00:00
88.80000305175781,100.0,105.0,1753908444000.0,2450.0,3507.830078125,52.0,1.437000036239624,2443.0,42.0,2415.0,0.5,-0.03999999910593033,48.732058396562934,2.286674380302429,2025-07-30 20:47:24+00:00
88.4000015258789,100.0,105.0,1753908451000.0,2457.0,3518.81005859375,52.0,1.4279999732971191,2450.0,42.0,2422.0,0.5,-0.05700000002980232,48.73197063803673,2.286725677549839,2025-07-30 20:47:31+00:00
88.0,101.0,107.0,1753908462000.0,2468.0,3533.909912109375,53.0,1.409000039100647,2461.0,42.0,2433.0,0.5,-0.035999998450279236,48.73185153119266,2.2868121787905693,2025-07-30 20:47:42+00:00
87.80000305175781,101.0,100.0,1753908474000.0,2480.0,3549.719970703125,50.0,1.38100004196167,2473.0,42.0,2445.0,0.0,-0.017000000923871994,48.73171180486679,2.286875881254673,2025-07-30 20:47:54+00:00
87.80000305175781,102.0,99.0,1753908480000.0,2486.0,3558.070068359375,49.0,1.38100004196167,2479.0,42.0,2451.0,0.5,0.0,48.73164173215628,2.286908319219947,2025-07-30 20:48:00+00:00
87.5999984741211,102.0,100.0,1753908484000.0,2490.0,3562.199951171875,50.0,1.371999979019165,2483.0,42.0,2455.0,0.0,-0.05000000074505806,48.7316008284688,2.2869255859404802,2025-07-30 20:48:04+00:00
87.4000015258789,102.0,101.0,1753908494000.0,2500.0,3576.39990234375,50.0,1.3530000448226929,2493.0,42.0,2465.0,0.5,-0.019999999552965164,48.73148440383375,2.2869885340332985,2025-07-30 20:48:14+00:00
87.19999694824219,101.0,103.0,1753908506000.0,2512.0,3592.47998046875,51.0,1.343999981880188,2505.0,42.0,2477.0,0.5,-0.017000000923871994,48.73134585097432,2.2870759572833776,2025-07-30 20:48:26+00:00
87.0,104.0,107.0,1753908513000.0,2519.0,3603.070068359375,53.0,1.343999981880188,2512.0,42.0,2484.0,0.5,-0.028999999165534973,48.731258008629084,2.2871283441781998,2025-07-30 20:48:33+00:00
87.0,106.0,105.0,1753908516000.0,2522.0,3607.840087890625,52.0,1.3530000448226929,2515.0,42.0,2487.0,0.5,0.0,48.731219451874495,2.2871528193354607,2025-07-30 20:48:36+00:00
86.80000305175781,105.0,105.0,1753908527000.0,2533.0,3624.6298828125,52.0,1.399999976158142,2526.0,42.0,2498.0,0.5,-0.017999999225139618,48.731081234291196,2.287234291434288,2025-07-30 20:48:47+00:00
86.5999984741211,105.0,106.0,1753908528000.0,2534.0,3626.219970703125,53.0,1.399999976158142,2527.0,42.0,2499.0,0.0,-0.20000000298023224,48.731067990884185,2.2872394043952227,2025-07-30 20:48:48+00:00
86.4000015258789,103.0,106.0,1753908537000.0,2543.0,3639.10009765625,53.0,1.409000039100647,2536.0,42.0,2508.0,0.0,-0.02199999988079071,48.73096170835197,2.287295814603567,2025-07-30 20:48:57+00:00
86.4000015258789,106.0,106.0,1753908544000.0,2550.0,3647.52001953125,53.0,1.399999976158142,2543.0,42.0,2515.0,0.0,0.0,48.730888701975346,2.287346441298723,2025-07-30 20:49:04+00:00
86.19999694824219,108.0,106.0,1753908546000.0,2552.0,3650.60009765625,53.0,1.3899999856948853,2545.0,42.0,2517.0,0.0,-0.10000000149011612,48.73086296953261,2.287367144599557,2025-07-30 20:49:06+00:00
86.19999694824219,105.0,105.0,1753908555000.0,2561.0,3664.949951171875,52.0,1.409000039100647,2554.0,42.0,2526.0,0.5,0.0,48.73073942027986,2.2874520532786846,2025-07-30 20:49:15+00:00
86.19999694824219,105.0,102.0,1753908564000.0,2570.0,3677.35009765625,51.0,1.437000036239624,2563.0,42.0,2535.0,0.0,0.0,48.73063975945115,2.2875342797487974,2025-07-30 20:49:24+00:00
85.80000305175781,106.0,105.0,1753908574000.0,2580.0,3693.139892578125,52.0,1.4459999799728394,2573.0,42.0,2545.0,0.5,-0.03999999910593033,48.730510510504246,2.287551797926426,2025-07-30 20:49:34+00:00
85.5999984741211,107.0,105.0,1753908577000.0,2583.0,3696.6298828125,52.0,1.4459999799728394,2576.0,42.0,2548.0,0.5,-0.06700000166893005,48.730480168014765,2.2875383030623198,2025-07-30 20:49:37+00:00
85.5999984741211,104.0,100.0,1753908582000.0,2588.0,3703.010009765625,50.0,1.4279999732971191,2581.0,42.0,2553.0,0.0,0.0,48.73044513165951,2.2874697390943766,2025-07-30 20:49:42+00:00
85.5999984741211,104.0,101.0,1753908583000.0,2589.0,3704.14990234375,50.0,1.4279999732971191,2582.0,42.0,2554.0,0.5,0.0,48.73043482191861,2.2874602675437927,2025-07-30 20:49:43+00:00
85.5999984741211,104.0,102.0,1753908590000.0,2596.0,3714.10009765625,51.0,1.4179999828338623,2589.0,42.0,2561.0,0.0,0.0,48.73034739866853,2.287417771294713,2025-07-30 20:49:50+00:00
85.5999984741211,103.0,100.0,1753908598000.0,2604.0,3723.85009765625,50.0,1.409000039100647,2597.0,42.0,2569.0,0.0,0.0,48.73026257380843,2.2874126583337784,2025-07-30 20:49:58+00:00
86.4000015258789,105.0,100.0,1753908604000.0,2610.0,3734.64990234375,50.0,1.5119999647140503,2603.0,42.0,2575.0,0.0,0.13300000131130219,48.73018227517605,2.287471080198884,2025-07-30 20:50:04+00:00
86.80000305175781,105.0,101.0,1753908606000.0,2612.0,3736.18994140625,50.0,1.4179999828338623,2605.0,42.0,2577.0,0.5,0.20000000298023224,48.73017171397805,2.2874827310442924,2025-07-30 20:50:06+00:00
87.4000015258789,107.0,102.0,1753908614000.0,2620.0,3746.659912109375,51.0,1.4179999828338623,2613.0,42.0,2585.0,0.0,0.07500000298023224,48.73008060269058,2.28755590505898,2025-07-30 20:50:14+00:00
87.4000015258789,110.0,105.0,1753908619000.0,2625.0,3754.47998046875,52.0,1.4930000305175781,2618.0,42.0,2590.0,0.5,0.0,48.730015475302935,2.287601586431265,2025-07-30 20:50:19+00:00
87.19999694824219,112.0,102.0,1753908624000.0,2630.0,3762.489990234375,51.0,1.4839999675750732,2623.0,42.0,2595.0,0.0,-0.03999999910593033,48.72994154691696,2.2875966411083937,2025-07-30 20:50:24+00:00
87.19999694824219,110.0,102.0,1753908633000.0,2639.0,3777.8701171875,51.0,1.5490000247955322,2632.0,42.0,2604.0,0.0,0.0,48.72981037013233,2.287592366337776,2025-07-30 20:50:33+00:00
87.5999984741211,108.0,103.0,1753908641000.0,2647.0,3792.550048828125,51.0,1.6050000190734863,2640.0,42.0,2612.0,0.5,0.05000000074505806,48.72969310730696,2.287507625296712,2025-07-30 20:50:41+00:00
87.80000305175781,108.0,103.0,1753908643000.0,2649.0,3795.530029296875,51.0,1.6330000162124634,2642.0,42.0,2614.0,0.5,0.10000000149011612,48.72966913506389,2.2874900233000517,2025-07-30 20:50:43+00:00
88.0,108.0,102.0,1753908652000.0,2658.0,3805.409912109375,51.0,1.6050000190734863,2651.0,42.0,2623.0,0.0,0.02199999988079071,48.72958783060312,2.2874538134783506,2025-07-30 20:50:52+00:00
88.19999694824219,108.0,103.0,1753908662000.0,2668.0,3818.010009765625,51.0,1.4839999675750732,2661.0,42.0,2633.0,0.5,0.019999999552965164,48.72947417199612,2.287453729659319,2025-07-30 20:51:02+00:00
87.5999984741211,109.0,109.0,1753908671000.0,2677.0,3826.179931640625,54.0,1.343999981880188,2670.0,42.0,2642.0,0.5,-0.06700000166893005,48.72941088862717,2.2874670568853617,2025-07-30 20:51:11+00:00
88.4000015258789,109.0,101.0,1753908678000.0,2684.0,3836.800048828125,50.0,1.4459999799728394,2677.0,42.0,2649.0,0.5,0.11400000005960464,48.72931743040681,2.287446102127433,2025-07-30 20:51:18+00:00
88.80000305175781,108.0,96.0,1753908682000.0,2688.0,3840.580078125,48.0,1.4179999828338623,2681.0,42.0,2653.0,0.0,0.10000000149011612,48.72928683646023,2.2874456830322742,2025-07-30 20:51:22+00:00
89.0,109.0,0.0,1753908685000.0,2691.0,3842.56005859375,0.0,1.277999997138977,2684.0,42.0,2656.0,0.0,0.06700000166893005,48.72931256890297,2.2874554060399532,2025-07-30 20:51:25+00:00
89.0,109.0,0.0,1753908687000.0,2693.0,3846.340087890625,0.0,1.277999997138977,2686.0,42.0,2658.0,0.0,0.0,48.729349030181766,2.287448365241289,2025-07-30 20:51:27+00:00
