body_battery,dist_m,elapsed_s,hr,timestamp_gmt_ms,moving_s,time_s,timestamp_utc
48.0,0.0,0.0,102.0,1754317233000.0,0.0,0.0,2025-08-04 14:20:33+00:00
48.0,0.0,1.0,101.0,1754317234000.0,0.0,1.0,2025-08-04 14:20:34+00:00
48.0,0.0,7.0,102.0,1754317240000.0,0.0,7.0,2025-08-04 14:20:40+00:00
48.0,0.0,10.0,101.0,1754317243000.0,0.0,10.0,2025-08-04 14:20:43+00:00
48.0,0.0,11.0,102.0,1754317244000.0,0.0,11.0,2025-08-04 14:20:44+00:00
48.0,0.0,12.0,103.0,1754317245000.0,0.0,12.0,2025-08-04 14:20:45+00:00
48.0,0.0,14.0,104.0,1754317247000.0,0.0,14.0,2025-08-04 14:20:47+00:00
48.0,0.0,17.0,105.0,1754317250000.0,0.0,17.0,2025-08-04 14:20:50+00:00
48.0,0.0,20.0,104.0,1754317253000.0,0.0,20.0,2025-08-04 14:20:53+00:00
48.0,0.0,21.0,105.0,1754317254000.0,0.0,21.0,2025-08-04 14:20:54+00:00
48.0,0.0,23.0,106.0,1754317256000.0,0.0,23.0,2025-08-04 14:20:56+00:00
48.0,0.0,25.0,105.0,1754317258000.0,0.0,25.0,2025-08-04 14:20:58+00:00
48.0,0.0,26.0,104.0,1754317259000.0,0.0,26.0,2025-08-04 14:20:59+00:00
48.0,0.0,28.0,102.0,1754317261000.0,0.0,28.0,2025-08-04 14:21:01+00:00
48.0,0.0,29.0,101.0,1754317262000.0,0.0,29.0,2025-08-04 14:21:02+00:00
48.0,0.0,30.0,99.0,1754317263000.0,0.0,30.0,2025-08-04 14:21:03+00:00
48.0,0.0,31.0,95.0,1754317264000.0,0.0,31.0,2025-08-04 14:21:04+00:00
48.0,0.0,32.0,93.0,1754317265000.0,0.0,32.0,2025-08-04 14:21:05+00:00
48.0,0.0,33.0,92.0,1754317266000.0,0.0,33.0,2025-08-04 14:21:06+00:00
48.0,0.0,34.0,93.0,1754317267000.0,0.0,34.0,2025-08-04 14:21:07+00:00
48.0,0.0,37.0,94.0,1754317270000.0,0.0,37.0,2025-08-04 14:21:10+00:00
48.0,0.0,44.0,95.0,1754317277000.0,0.0,44.0,2025-08-04 14:21:17+00:00
48.0,0.0,46.0,96.0,1754317279000.0,0.0,46.0,2025-08-04 14:21:19+00:00
48.0,0.0,47.0,98.0,1754317280000.0,0.0,47.0,2025-08-04 14:21:20+00:00
48.0,0.0,48.0,100.0,1754317281000.0,0.0,48.0,2025-08-04 14:21:21+00:00
48.0,0.0,49.0,101.0,1754317282000.0,0.0,49.0,2025-08-04 14:21:22+00:00
48.0,0.0,50.0,102.0,1754317283000.0,0.0,50.0,2025-08-04 14:21:23+00:00
48.0,0.0,54.0,103.0,1754317287000.0,0.0,54.0,2025-08-04 14:21:27+00:00
48.0,0.0,61.0,104.0,1754317294000.0,0.0,61.0,2025-08-04 14:21:34+00:00
48.0,0.0,62.0,103.0,1754317295000.0,0.0,62.0,2025-08-04 14:21:35+00:00
48.0,0.0,63.0,104.0,1754317296000.0,0.0,63.0,2025-08-04 14:21:36+00:00
48.0,0.0,65.0,103.0,1754317298000.0,0.0,65.0,2025-08-04 14:21:38+00:00
48.0,0.0,68.0,102.0,1754317301000.0,0.0,68.0,2025-08-04 14:21:41+00:00
48.0,0.0,71.0,101.0,1754317304000.0,0.0,71.0,2025-08-04 14:21:44+00:00
48.0,0.0,72.0,100.0,1754317305000.0,0.0,72.0,2025-08-04 14:21:45+00:00
48.0,0.0,76.0,101.0,1754317309000.0,0.0,76.0,2025-08-04 14:21:49+00:00
48.0,0.0,78.0,102.0,1754317311000.0,0.0,78.0,2025-08-04 14:21:51+00:00
48.0,0.0,80.0,103.0,1754317313000.0,0.0,80.0,2025-08-04 14:21:53+00:00
48.0,0.0,82.0,104.0,1754317315000.0,0.0,82.0,2025-08-04 14:21:55+00:00
48.0,0.0,84.0,105.0,1754317317000.0,0.0,84.0,2025-08-04 14:21:57+00:00
48.0,0.0,85.0,106.0,1754317318000.0,0.0,85.0,2025-08-04 14:21:58+00:00
47.0,0.0,88.0,107.0,1754317321000.0,0.0,88.0,2025-08-04 14:22:01+00:00
47.0,0.0,89.0,108.0,1754317322000.0,0.0,89.0,2025-08-04 14:22:02+00:00
47.0,0.0,92.0,109.0,1754317325000.0,0.0,92.0,2025-08-04 14:22:05+00:00
47.0,0.0,95.0,108.0,1754317328000.0,0.0,95.0,2025-08-04 14:22:08+00:00
47.0,0.0,97.0,109.0,1754317330000.0,0.0,97.0,2025-08-04 14:22:10+00:00
47.0,0.0,100.0,108.0,1754317333000.0,0.0,100.0,2025-08-04 14:22:13+00:00
47.0,0.0,110.0,107.0,1754317343000.0,0.0,110.0,2025-08-04 14:22:23+00:00
47.0,0.0,111.0,108.0,1754317344000.0,0.0,111.0,2025-08-04 14:22:24+00:00
47.0,0.0,112.0,107.0,1754317345000.0,0.0,112.0,2025-08-04 14:22:25+00:00
47.0,0.0,115.0,106.0,1754317348000.0,0.0,115.0,2025-08-04 14:22:28+00:00
47.0,0.0,118.0,107.0,1754317351000.0,0.0,118.0,2025-08-04 14:22:31+00:00
47.0,0.0,119.0,106.0,1754317352000.0,0.0,119.0,2025-08-04 14:22:32+00:00
47.0,0.0,123.0,105.0,1754317356000.0,0.0,123.0,2025-08-04 14:22:36+00:00
47.0,0.0,124.0,106.0,1754317357000.0,0.0,124.0,2025-08-04 14:22:37+00:00
47.0,0.0,126.0,107.0,1754317359000.0,0.0,126.0,2025-08-04 14:22:39+00:00
47.0,0.0,129.0,108.0,1754317362000.0,0.0,129.0,2025-08-04 14:22:42+00:00
47.0,0.0,130.0,109.0,1754317363000.0,0.0,130.0,2025-08-04 14:22:43+00:00
47.0,0.0,133.0,110.0,1754317366000.0,0.0,133.0,2025-08-04 14:22:46+00:00
47.0,0.0,136.0,111.0,1754317369000.0,0.0,136.0,2025-08-04 14:22:49+00:00
47.0,0.0,138.0,110.0,1754317371000.0,0.0,138.0,2025-08-04 14:22:51+00:00
47.0,0.0,142.0,111.0,1754317375000.0,0.0,142.0,2025-08-04 14:22:55+00:00
47.0,0.0,143.0,110.0,1754317376000.0,0.0,143.0,2025-08-04 14:22:56+00:00
47.0,0.0,145.0,111.0,1754317378000.0,0.0,145.0,2025-08-04 14:22:58+00:00
47.0,0.0,146.0,110.0,1754317379000.0,0.0,146.0,2025-08-04 14:22:59+00:00
47.0,0.0,147.0,111.0,1754317380000.0,0.0,147.0,2025-08-04 14:23:00+00:00
47.0,0.0,151.0,110.0,1754317384000.0,0.0,151.0,2025-08-04 14:23:04+00:00
47.0,0.0,156.0,109.0,1754317389000.0,0.0,156.0,2025-08-04 14:23:09+00:00
47.0,0.0,159.0,110.0,1754317392000.0,0.0,159.0,2025-08-04 14:23:12+00:00
47.0,0.0,162.0,111.0,1754317395000.0,0.0,162.0,2025-08-04 14:23:15+00:00
47.0,0.0,163.0,110.0,1754317396000.0,0.0,163.0,2025-08-04 14:23:16+00:00
47.0,0.0,167.0,109.0,1754317400000.0,0.0,167.0,2025-08-04 14:23:20+00:00
47.0,0.0,168.0,110.0,1754317401000.0,0.0,168.0,2025-08-04 14:23:21+00:00
47.0,0.0,170.0,111.0,1754317403000.0,0.0,170.0,2025-08-04 14:23:23+00:00
47.0,0.0,172.0,113.0,1754317405000.0,0.0,172.0,2025-08-04 14:23:25+00:00
47.0,0.0,177.0,114.0,1754317410000.0,0.0,177.0,2025-08-04 14:23:30+00:00
47.0,0.0,179.0,115.0,1754317412000.0,0.0,179.0,2025-08-04 14:23:32+00:00
47.0,0.0,181.0,116.0,1754317414000.0,0.0,181.0,2025-08-04 14:23:34+00:00
47.0,0.0,186.0,115.0,1754317419000.0,0.0,186.0,2025-08-04 14:23:39+00:00
47.0,0.0,191.0,116.0,1754317424000.0,0.0,191.0,2025-08-04 14:23:44+00:00
47.0,0.0,192.0,115.0,1754317425000.0,0.0,192.0,2025-08-04 14:23:45+00:00
47.0,0.0,195.0,114.0,1754317428000.0,0.0,195.0,2025-08-04 14:23:48+00:00
47.0,0.0,196.0,115.0,1754317429000.0,0.0,196.0,2025-08-04 14:23:49+00:00
47.0,0.0,198.0,114.0,1754317431000.0,0.0,198.0,2025-08-04 14:23:51+00:00
47.0,0.0,199.0,113.0,1754317432000.0,0.0,199.0,2025-08-04 14:23:52+00:00
47.0,0.0,201.0,112.0,1754317434000.0,0.0,201.0,2025-08-04 14:23:54+00:00
47.0,0.0,205.0,113.0,1754317438000.0,0.0,205.0,2025-08-04 14:23:58+00:00
47.0,0.0,206.0,114.0,1754317439000.0,0.0,206.0,2025-08-04 14:23:59+00:00
47.0,0.0,208.0,113.0,1754317441000.0,0.0,208.0,2025-08-04 14:24:01+00:00
47.0,0.0,212.0,112.0,1754317445000.0,0.0,212.0,2025-08-04 14:24:05+00:00
47.0,0.0,218.0,111.0,1754317451000.0,0.0,218.0,2025-08-04 14:24:11+00:00
47.0,0.0,222.0,110.0,1754317455000.0,0.0,222.0,2025-08-04 14:24:15+00:00
47.0,0.0,224.0,109.0,1754317457000.0,0.0,224.0,2025-08-04 14:24:17+00:00
47.0,0.0,226.0,108.0,1754317459000.0,0.0,226.0,2025-08-04 14:24:19+00:00
47.0,0.0,230.0,109.0,1754317463000.0,0.0,230.0,2025-08-04 14:24:23+00:00
47.0,0.0,231.0,110.0,1754317464000.0,0.0,231.0,2025-08-04 14:24:24+00:00
47.0,0.0,233.0,111.0,1754317466000.0,0.0,233.0,2025-08-04 14:24:26+00:00
47.0,0.0,235.0,112.0,1754317468000.0,0.0,235.0,2025-08-04 14:24:28+00:00
47.0,0.0,238.0,113.0,1754317471000.0,0.0,238.0,2025-08-04 14:24:31+00:00
47.0,0.0,239.0,114.0,1754317472000.0,0.0,239.0,2025-08-04 14:24:32+00:00
47.0,0.0,241.0,117.0,1754317474000.0,0.0,241.0,2025-08-04 14:24:34+00:00
47.0,0.0,242.0,124.0,1754317475000.0,0.0,242.0,2025-08-04 14:24:35+00:00
47.0,0.0,243.0,126.0,1754317476000.0,0.0,243.0,2025-08-04 14:24:36+00:00
47.0,0.0,244.0,127.0,1754317477000.0,0.0,244.0,2025-08-04 14:24:37+00:00
47.0,0.0,248.0,126.0,1754317481000.0,0.0,248.0,2025-08-04 14:24:41+00:00
47.0,0.0,249.0,127.0,1754317482000.0,0.0,249.0,2025-08-04 14:24:42+00:00
47.0,0.0,250.0,126.0,1754317483000.0,0.0,250.0,2025-08-04 14:24:43+00:00
47.0,0.0,253.0,125.0,1754317486000.0,0.0,253.0,2025-08-04 14:24:46+00:00
47.0,0.0,256.0,124.0,1754317489000.0,0.0,256.0,2025-08-04 14:24:49+00:00
47.0,0.0,260.0,123.0,1754317493000.0,0.0,260.0,2025-08-04 14:24:53+00:00
47.0,0.0,264.0,122.0,1754317497000.0,0.0,264.0,2025-08-04 14:24:57+00:00
47.0,0.0,266.0,123.0,1754317499000.0,0.0,266.0,2025-08-04 14:24:59+00:00
47.0,0.0,267.0,122.0,1754317500000.0,0.0,267.0,2025-08-04 14:25:00+00:00
47.0,0.0,270.0,123.0,1754317503000.0,0.0,270.0,2025-08-04 14:25:03+00:00
47.0,0.0,274.0,124.0,1754317507000.0,0.0,274.0,2025-08-04 14:25:07+00:00
47.0,0.0,276.0,125.0,1754317509000.0,0.0,276.0,2025-08-04 14:25:09+00:00
47.0,0.0,281.0,126.0,1754317514000.0,0.0,281.0,2025-08-04 14:25:14+00:00
47.0,0.0,282.0,127.0,1754317515000.0,0.0,282.0,2025-08-04 14:25:15+00:00
47.0,0.0,283.0,128.0,1754317516000.0,0.0,283.0,2025-08-04 14:25:16+00:00
47.0,0.0,284.0,129.0,1754317517000.0,0.0,284.0,2025-08-04 14:25:17+00:00
47.0,0.0,285.0,130.0,1754317518000.0,0.0,285.0,2025-08-04 14:25:18+00:00
47.0,0.0,287.0,131.0,1754317520000.0,0.0,287.0,2025-08-04 14:25:20+00:00
47.0,0.0,289.0,130.0,1754317522000.0,0.0,289.0,2025-08-04 14:25:22+00:00
47.0,0.0,292.0,129.0,1754317525000.0,0.0,292.0,2025-08-04 14:25:25+00:00
47.0,0.0,296.0,128.0,1754317529000.0,0.0,296.0,2025-08-04 14:25:29+00:00
47.0,0.0,298.0,127.0,1754317531000.0,0.0,298.0,2025-08-04 14:25:31+00:00
47.0,0.0,299.0,126.0,1754317532000.0,0.0,299.0,2025-08-04 14:25:32+00:00
47.0,0.0,300.0,127.0,1754317533000.0,0.0,300.0,2025-08-04 14:25:33+00:00
47.0,0.0,301.0,128.0,1754317534000.0,0.0,301.0,2025-08-04 14:25:34+00:00
47.0,0.0,304.0,129.0,1754317537000.0,0.0,304.0,2025-08-04 14:25:37+00:00
47.0,0.0,306.0,130.0,1754317539000.0,0.0,306.0,2025-08-04 14:25:39+00:00
47.0,0.0,309.0,129.0,1754317542000.0,0.0,309.0,2025-08-04 14:25:42+00:00
47.0,0.0,311.0,128.0,1754317544000.0,0.0,311.0,2025-08-04 14:25:44+00:00
47.0,0.0,313.0,127.0,1754317546000.0,0.0,313.0,2025-08-04 14:25:46+00:00
47.0,0.0,314.0,126.0,1754317547000.0,0.0,314.0,2025-08-04 14:25:47+00:00
47.0,0.0,316.0,125.0,1754317549000.0,0.0,316.0,2025-08-04 14:25:49+00:00
47.0,0.0,318.0,124.0,1754317551000.0,0.0,318.0,2025-08-04 14:25:51+00:00
47.0,0.0,324.0,123.0,1754317557000.0,0.0,324.0,2025-08-04 14:25:57+00:00
47.0,0.0,325.0,118.0,1754317558000.0,0.0,325.0,2025-08-04 14:25:58+00:00
47.0,0.0,326.0,117.0,1754317559000.0,0.0,326.0,2025-08-04 14:25:59+00:00
47.0,0.0,330.0,118.0,1754317563000.0,0.0,330.0,2025-08-04 14:26:03+00:00
47.0,0.0,331.0,119.0,1754317564000.0,0.0,331.0,2025-08-04 14:26:04+00:00
47.0,0.0,335.0,118.0,1754317568000.0,0.0,335.0,2025-08-04 14:26:08+00:00
47.0,0.0,338.0,119.0,1754317571000.0,0.0,338.0,2025-08-04 14:26:11+00:00
47.0,0.0,343.0,118.0,1754317576000.0,0.0,343.0,2025-08-04 14:26:16+00:00
47.0,0.0,351.0,117.0,1754317584000.0,0.0,351.0,2025-08-04 14:26:24+00:00
47.0,0.0,353.0,118.0,1754317586000.0,0.0,353.0,2025-08-04 14:26:26+00:00
47.0,0.0,357.0,117.0,1754317590000.0,0.0,357.0,2025-08-04 14:26:30+00:00
47.0,0.0,358.0,118.0,1754317591000.0,0.0,358.0,2025-08-04 14:26:31+00:00
47.0,0.0,360.0,117.0,1754317593000.0,0.0,360.0,2025-08-04 14:26:33+00:00
47.0,0.0,362.0,118.0,1754317595000.0,0.0,362.0,2025-08-04 14:26:35+00:00
47.0,0.0,364.0,119.0,1754317597000.0,0.0,364.0,2025-08-04 14:26:37+00:00
47.0,0.0,366.0,118.0,1754317599000.0,0.0,366.0,2025-08-04 14:26:39+00:00
47.0,0.0,367.0,119.0,1754317600000.0,0.0,367.0,2025-08-04 14:26:40+00:00
47.0,0.0,376.0,120.0,1754317609000.0,0.0,376.0,2025-08-04 14:26:49+00:00
47.0,0.0,381.0,121.0,1754317614000.0,0.0,381.0,2025-08-04 14:26:54+00:00
47.0,0.0,382.0,122.0,1754317615000.0,0.0,382.0,2025-08-04 14:26:55+00:00
47.0,0.0,383.0,124.0,1754317616000.0,0.0,383.0,2025-08-04 14:26:56+00:00
47.0,0.0,384.0,127.0,1754317617000.0,0.0,384.0,2025-08-04 14:26:57+00:00
47.0,0.0,385.0,128.0,1754317618000.0,0.0,385.0,2025-08-04 14:26:58+00:00
47.0,0.0,387.0,126.0,1754317620000.0,0.0,387.0,2025-08-04 14:27:00+00:00
47.0,0.0,388.0,123.0,1754317621000.0,0.0,388.0,2025-08-04 14:27:01+00:00
47.0,0.0,389.0,122.0,1754317622000.0,0.0,389.0,2025-08-04 14:27:02+00:00
47.0,0.0,393.0,123.0,1754317626000.0,0.0,393.0,2025-08-04 14:27:06+00:00
47.0,0.0,395.0,124.0,1754317628000.0,0.0,395.0,2025-08-04 14:27:08+00:00
47.0,0.0,396.0,125.0,1754317629000.0,0.0,396.0,2025-08-04 14:27:09+00:00
47.0,0.0,397.0,126.0,1754317630000.0,0.0,397.0,2025-08-04 14:27:10+00:00
47.0,0.0,398.0,127.0,1754317631000.0,0.0,398.0,2025-08-04 14:27:11+00:00
47.0,0.0,400.0,128.0,1754317633000.0,0.0,400.0,2025-08-04 14:27:13+00:00
47.0,0.0,402.0,129.0,1754317635000.0,0.0,402.0,2025-08-04 14:27:15+00:00
47.0,0.0,405.0,130.0,1754317638000.0,0.0,405.0,2025-08-04 14:27:18+00:00
47.0,0.0,408.0,131.0,1754317641000.0,0.0,408.0,2025-08-04 14:27:21+00:00
47.0,0.0,412.0,132.0,1754317645000.0,0.0,412.0,2025-08-04 14:27:25+00:00
47.0,0.0,416.0,131.0,1754317649000.0,0.0,416.0,2025-08-04 14:27:29+00:00
47.0,0.0,419.0,132.0,1754317652000.0,0.0,419.0,2025-08-04 14:27:32+00:00
47.0,0.0,422.0,133.0,1754317655000.0,0.0,422.0,2025-08-04 14:27:35+00:00
47.0,0.0,423.0,132.0,1754317656000.0,0.0,423.0,2025-08-04 14:27:36+00:00
47.0,0.0,427.0,133.0,1754317660000.0,0.0,427.0,2025-08-04 14:27:40+00:00
47.0,0.0,430.0,134.0,1754317663000.0,0.0,430.0,2025-08-04 14:27:43+00:00
47.0,0.0,435.0,135.0,1754317668000.0,0.0,435.0,2025-08-04 14:27:48+00:00
47.0,0.0,441.0,134.0,1754317674000.0,0.0,441.0,2025-08-04 14:27:54+00:00
47.0,0.0,442.0,133.0,1754317675000.0,0.0,442.0,2025-08-04 14:27:55+00:00
47.0,0.0,443.0,132.0,1754317676000.0,0.0,443.0,2025-08-04 14:27:56+00:00
47.0,0.0,444.0,131.0,1754317677000.0,0.0,444.0,2025-08-04 14:27:57+00:00
47.0,0.0,446.0,130.0,1754317679000.0,0.0,446.0,2025-08-04 14:27:59+00:00
47.0,0.0,449.0,129.0,1754317682000.0,0.0,449.0,2025-08-04 14:28:02+00:00
47.0,0.0,450.0,128.0,1754317683000.0,0.0,450.0,2025-08-04 14:28:03+00:00
47.0,0.0,455.0,129.0,1754317688000.0,0.0,455.0,2025-08-04 14:28:08+00:00
47.0,0.0,461.0,128.0,1754317694000.0,0.0,461.0,2025-08-04 14:28:14+00:00
47.0,0.0,466.0,127.0,1754317699000.0,0.0,466.0,2025-08-04 14:28:19+00:00
47.0,0.0,467.0,128.0,1754317700000.0,0.0,467.0,2025-08-04 14:28:20+00:00
47.0,0.0,474.0,129.0,1754317707000.0,0.0,474.0,2025-08-04 14:28:27+00:00
47.0,0.0,475.0,128.0,1754317708000.0,0.0,475.0,2025-08-04 14:28:28+00:00
47.0,0.0,478.0,129.0,1754317711000.0,0.0,478.0,2025-08-04 14:28:31+00:00
47.0,0.0,479.0,128.0,1754317712000.0,0.0,479.0,2025-08-04 14:28:32+00:00
47.0,0.0,482.0,129.0,1754317715000.0,0.0,482.0,2025-08-04 14:28:35+00:00
47.0,0.0,483.0,128.0,1754317716000.0,0.0,483.0,2025-08-04 14:28:36+00:00
47.0,0.0,486.0,129.0,1754317719000.0,0.0,486.0,2025-08-04 14:28:39+00:00
47.0,0.0,488.0,130.0,1754317721000.0,0.0,488.0,2025-08-04 14:28:41+00:00
47.0,0.0,489.0,131.0,1754317722000.0,0.0,489.0,2025-08-04 14:28:42+00:00
47.0,0.0,490.0,132.0,1754317723000.0,0.0,490.0,2025-08-04 14:28:43+00:00
47.0,0.0,491.0,133.0,1754317724000.0,0.0,491.0,2025-08-04 14:28:44+00:00
47.0,0.0,492.0,134.0,1754317725000.0,0.0,492.0,2025-08-04 14:28:45+00:00
47.0,0.0,493.0,135.0,1754317726000.0,0.0,493.0,2025-08-04 14:28:46+00:00
47.0,0.0,498.0,134.0,1754317731000.0,0.0,498.0,2025-08-04 14:28:51+00:00
47.0,0.0,499.0,135.0,1754317732000.0,0.0,499.0,2025-08-04 14:28:52+00:00
47.0,0.0,506.0,136.0,1754317739000.0,0.0,506.0,2025-08-04 14:28:59+00:00
47.0,0.0,507.0,135.0,1754317740000.0,0.0,507.0,2025-08-04 14:29:00+00:00
47.0,0.0,511.0,136.0,1754317744000.0,0.0,511.0,2025-08-04 14:29:04+00:00
47.0,0.0,516.0,137.0,1754317749000.0,0.0,516.0,2025-08-04 14:29:09+00:00
47.0,0.0,520.0,138.0,1754317753000.0,0.0,520.0,2025-08-04 14:29:13+00:00
47.0,0.0,524.0,137.0,1754317757000.0,0.0,524.0,2025-08-04 14:29:17+00:00
47.0,0.0,525.0,138.0,1754317758000.0,0.0,525.0,2025-08-04 14:29:18+00:00
47.0,0.0,527.0,137.0,1754317760000.0,0.0,527.0,2025-08-04 14:29:20+00:00
47.0,0.0,530.0,136.0,1754317763000.0,0.0,530.0,2025-08-04 14:29:23+00:00
47.0,0.0,531.0,135.0,1754317764000.0,0.0,531.0,2025-08-04 14:29:24+00:00
47.0,0.0,532.0,133.0,1754317765000.0,0.0,532.0,2025-08-04 14:29:25+00:00
47.0,0.0,534.0,132.0,1754317767000.0,0.0,534.0,2025-08-04 14:29:27+00:00
47.0,0.0,538.0,131.0,1754317771000.0,0.0,538.0,2025-08-04 14:29:31+00:00
47.0,0.0,540.0,130.0,1754317773000.0,0.0,540.0,2025-08-04 14:29:33+00:00
47.0,0.0,542.0,131.0,1754317775000.0,0.0,542.0,2025-08-04 14:29:35+00:00
47.0,0.0,543.0,132.0,1754317776000.0,0.0,543.0,2025-08-04 14:29:36+00:00
47.0,0.0,544.0,134.0,1754317777000.0,0.0,544.0,2025-08-04 14:29:37+00:00
47.0,0.0,545.0,136.0,1754317778000.0,0.0,545.0,2025-08-04 14:29:38+00:00
47.0,0.0,547.0,137.0,1754317780000.0,0.0,547.0,2025-08-04 14:29:40+00:00
47.0,0.0,550.0,136.0,1754317783000.0,0.0,550.0,2025-08-04 14:29:43+00:00
47.0,0.0,551.0,137.0,1754317784000.0,0.0,551.0,2025-08-04 14:29:44+00:00
47.0,0.0,554.0,138.0,1754317787000.0,0.0,554.0,2025-08-04 14:29:47+00:00
47.0,0.0,556.0,139.0,1754317789000.0,0.0,556.0,2025-08-04 14:29:49+00:00
47.0,0.0,558.0,138.0,1754317791000.0,0.0,558.0,2025-08-04 14:29:51+00:00
47.0,0.0,559.0,137.0,1754317792000.0,0.0,559.0,2025-08-04 14:29:52+00:00
47.0,0.0,560.0,136.0,1754317793000.0,0.0,560.0,2025-08-04 14:29:53+00:00
47.0,0.0,562.0,137.0,1754317795000.0,0.0,562.0,2025-08-04 14:29:55+00:00
47.0,0.0,566.0,138.0,1754317799000.0,0.0,566.0,2025-08-04 14:29:59+00:00
47.0,0.0,569.0,137.0,1754317802000.0,0.0,569.0,2025-08-04 14:30:02+00:00
47.0,0.0,582.0,138.0,1754317815000.0,0.0,582.0,2025-08-04 14:30:15+00:00
47.0,0.0,584.0,137.0,1754317817000.0,0.0,584.0,2025-08-04 14:30:17+00:00
47.0,0.0,590.0,136.0,1754317823000.0,0.0,590.0,2025-08-04 14:30:23+00:00
47.0,0.0,592.0,135.0,1754317825000.0,0.0,592.0,2025-08-04 14:30:25+00:00
47.0,0.0,597.0,136.0,1754317830000.0,0.0,597.0,2025-08-04 14:30:30+00:00
47.0,0.0,598.0,135.0,1754317831000.0,0.0,598.0,2025-08-04 14:30:31+00:00
47.0,0.0,600.0,136.0,1754317833000.0,0.0,600.0,2025-08-04 14:30:33+00:00
47.0,0.0,602.0,135.0,1754317835000.0,0.0,602.0,2025-08-04 14:30:35+00:00
47.0,0.0,605.0,134.0,1754317838000.0,0.0,605.0,2025-08-04 14:30:38+00:00
47.0,0.0,610.0,135.0,1754317843000.0,0.0,610.0,2025-08-04 14:30:43+00:00
47.0,0.0,611.0,136.0,1754317844000.0,0.0,611.0,2025-08-04 14:30:44+00:00
47.0,0.0,614.0,135.0,1754317847000.0,0.0,614.0,2025-08-04 14:30:47+00:00
47.0,0.0,616.0,132.0,1754317849000.0,0.0,616.0,2025-08-04 14:30:49+00:00
47.0,0.0,617.0,131.0,1754317850000.0,0.0,617.0,2025-08-04 14:30:50+00:00
47.0,0.0,620.0,132.0,1754317853000.0,0.0,620.0,2025-08-04 14:30:53+00:00
47.0,0.0,625.0,131.0,1754317858000.0,0.0,625.0,2025-08-04 14:30:58+00:00
47.0,0.0,626.0,132.0,1754317859000.0,0.0,626.0,2025-08-04 14:30:59+00:00
47.0,0.0,628.0,131.0,1754317861000.0,0.0,628.0,2025-08-04 14:31:01+00:00
47.0,0.0,629.0,132.0,1754317862000.0,0.0,629.0,2025-08-04 14:31:02+00:00
47.0,0.0,630.0,131.0,1754317863000.0,0.0,630.0,2025-08-04 14:31:03+00:00
47.0,0.0,633.0,130.0,1754317866000.0,0.0,633.0,2025-08-04 14:31:06+00:00
47.0,0.0,637.0,131.0,1754317870000.0,0.0,637.0,2025-08-04 14:31:10+00:00
47.0,0.0,639.0,132.0,1754317872000.0,0.0,639.0,2025-08-04 14:31:12+00:00
47.0,0.0,640.0,131.0,1754317873000.0,0.0,640.0,2025-08-04 14:31:13+00:00
47.0,0.0,645.0,132.0,1754317878000.0,0.0,645.0,2025-08-04 14:31:18+00:00
47.0,0.0,646.0,131.0,1754317879000.0,0.0,646.0,2025-08-04 14:31:19+00:00
47.0,0.0,648.0,132.0,1754317881000.0,0.0,648.0,2025-08-04 14:31:21+00:00
47.0,0.0,649.0,133.0,1754317882000.0,0.0,649.0,2025-08-04 14:31:22+00:00
47.0,0.0,651.0,134.0,1754317884000.0,0.0,651.0,2025-08-04 14:31:24+00:00
47.0,0.0,652.0,135.0,1754317885000.0,0.0,652.0,2025-08-04 14:31:25+00:00
47.0,0.0,653.0,136.0,1754317886000.0,0.0,653.0,2025-08-04 14:31:26+00:00
47.0,0.0,655.0,137.0,1754317888000.0,0.0,655.0,2025-08-04 14:31:28+00:00
47.0,0.0,658.0,138.0,1754317891000.0,0.0,658.0,2025-08-04 14:31:31+00:00
47.0,0.0,660.0,139.0,1754317893000.0,0.0,660.0,2025-08-04 14:31:33+00:00
47.0,0.0,665.0,140.0,1754317898000.0,0.0,665.0,2025-08-04 14:31:38+00:00
47.0,0.0,666.0,139.0,1754317899000.0,0.0,666.0,2025-08-04 14:31:39+00:00
47.0,0.0,669.0,137.0,1754317902000.0,0.0,669.0,2025-08-04 14:31:42+00:00
47.0,0.0,671.0,136.0,1754317904000.0,0.0,671.0,2025-08-04 14:31:44+00:00
47.0,0.0,672.0,137.0,1754317905000.0,0.0,672.0,2025-08-04 14:31:45+00:00
47.0,0.0,676.0,138.0,1754317909000.0,0.0,676.0,2025-08-04 14:31:49+00:00
47.0,0.0,683.0,137.0,1754317916000.0,0.0,683.0,2025-08-04 14:31:56+00:00
46.0,0.0,688.0,136.0,1754317921000.0,0.0,688.0,2025-08-04 14:32:01+00:00
46.0,0.0,691.0,137.0,1754317924000.0,0.0,691.0,2025-08-04 14:32:04+00:00
46.0,0.0,692.0,138.0,1754317925000.0,0.0,692.0,2025-08-04 14:32:05+00:00
46.0,0.0,693.0,139.0,1754317926000.0,0.0,693.0,2025-08-04 14:32:06+00:00
46.0,0.0,694.0,140.0,1754317927000.0,0.0,694.0,2025-08-04 14:32:07+00:00
46.0,0.0,702.0,141.0,1754317935000.0,0.0,702.0,2025-08-04 14:32:15+00:00
46.0,0.0,703.0,140.0,1754317936000.0,0.0,703.0,2025-08-04 14:32:16+00:00
46.0,0.0,704.0,139.0,1754317937000.0,0.0,704.0,2025-08-04 14:32:17+00:00
46.0,0.0,705.0,138.0,1754317938000.0,0.0,705.0,2025-08-04 14:32:18+00:00
46.0,0.0,706.0,136.0,1754317939000.0,0.0,706.0,2025-08-04 14:32:19+00:00
46.0,0.0,707.0,134.0,1754317940000.0,0.0,707.0,2025-08-04 14:32:20+00:00
46.0,0.0,708.0,133.0,1754317941000.0,0.0,708.0,2025-08-04 14:32:21+00:00
46.0,0.0,709.0,132.0,1754317942000.0,0.0,709.0,2025-08-04 14:32:22+00:00
46.0,0.0,712.0,133.0,1754317945000.0,0.0,712.0,2025-08-04 14:32:25+00:00
46.0,0.0,716.0,134.0,1754317949000.0,0.0,716.0,2025-08-04 14:32:29+00:00
46.0,0.0,718.0,135.0,1754317951000.0,0.0,718.0,2025-08-04 14:32:31+00:00
46.0,0.0,719.0,136.0,1754317952000.0,0.0,719.0,2025-08-04 14:32:32+00:00
46.0,0.0,720.0,141.0,1754317953000.0,0.0,720.0,2025-08-04 14:32:33+00:00
46.0,0.0,721.0,145.0,1754317954000.0,0.0,721.0,2025-08-04 14:32:34+00:00
46.0,0.0,722.0,145.0,1754317955000.0,0.0,722.0,2025-08-04 14:32:35+00:00
46.0,0.0,724.0,144.0,1754317957000.0,0.0,724.0,2025-08-04 14:32:37+00:00
46.0,0.0,726.0,143.0,1754317959000.0,0.0,726.0,2025-08-04 14:32:39+00:00
46.0,0.0,727.0,142.0,1754317960000.0,0.0,727.0,2025-08-04 14:32:40+00:00
46.0,0.0,731.0,141.0,1754317964000.0,0.0,731.0,2025-08-04 14:32:44+00:00
46.0,0.0,732.0,140.0,1754317965000.0,0.0,732.0,2025-08-04 14:32:45+00:00
46.0,0.0,734.0,139.0,1754317967000.0,0.0,734.0,2025-08-04 14:32:47+00:00
46.0,0.0,735.0,138.0,1754317968000.0,0.0,735.0,2025-08-04 14:32:48+00:00
46.0,0.0,737.0,137.0,1754317970000.0,0.0,737.0,2025-08-04 14:32:50+00:00
46.0,0.0,740.0,136.0,1754317973000.0,0.0,740.0,2025-08-04 14:32:53+00:00
46.0,0.0,741.0,137.0,1754317974000.0,0.0,741.0,2025-08-04 14:32:54+00:00
46.0,0.0,742.0,136.0,1754317975000.0,0.0,742.0,2025-08-04 14:32:55+00:00
46.0,0.0,744.0,135.0,1754317977000.0,0.0,744.0,2025-08-04 14:32:57+00:00
46.0,0.0,746.0,136.0,1754317979000.0,0.0,746.0,2025-08-04 14:32:59+00:00
46.0,0.0,748.0,137.0,1754317981000.0,0.0,748.0,2025-08-04 14:33:01+00:00
46.0,0.0,753.0,138.0,1754317986000.0,0.0,753.0,2025-08-04 14:33:06+00:00
46.0,0.0,754.0,137.0,1754317987000.0,0.0,754.0,2025-08-04 14:33:07+00:00
46.0,0.0,758.0,138.0,1754317991000.0,0.0,758.0,2025-08-04 14:33:11+00:00
46.0,0.0,761.0,139.0,1754317994000.0,0.0,761.0,2025-08-04 14:33:14+00:00
46.0,0.0,762.0,141.0,1754317995000.0,0.0,762.0,2025-08-04 14:33:15+00:00
46.0,0.0,764.0,142.0,1754317997000.0,0.0,764.0,2025-08-04 14:33:17+00:00
46.0,0.0,766.0,143.0,1754317999000.0,0.0,766.0,2025-08-04 14:33:19+00:00
46.0,0.0,773.0,142.0,1754318006000.0,0.0,773.0,2025-08-04 14:33:26+00:00
46.0,0.0,774.0,141.0,1754318007000.0,0.0,774.0,2025-08-04 14:33:27+00:00
46.0,0.0,775.0,140.0,1754318008000.0,0.0,775.0,2025-08-04 14:33:28+00:00
46.0,0.0,776.0,139.0,1754318009000.0,0.0,776.0,2025-08-04 14:33:29+00:00
46.0,0.0,778.0,140.0,1754318011000.0,0.0,778.0,2025-08-04 14:33:31+00:00
46.0,0.0,779.0,141.0,1754318012000.0,0.0,779.0,2025-08-04 14:33:32+00:00
46.0,0.0,782.0,142.0,1754318015000.0,0.0,782.0,2025-08-04 14:33:35+00:00
46.0,0.0,783.0,141.0,1754318016000.0,0.0,783.0,2025-08-04 14:33:36+00:00
46.0,0.0,788.0,142.0,1754318021000.0,0.0,788.0,2025-08-04 14:33:41+00:00
46.0,0.0,795.0,141.0,1754318028000.0,0.0,795.0,2025-08-04 14:33:48+00:00
46.0,0.0,796.0,142.0,1754318029000.0,0.0,796.0,2025-08-04 14:33:49+00:00
46.0,0.0,801.0,141.0,1754318034000.0,0.0,801.0,2025-08-04 14:33:54+00:00
46.0,0.0,802.0,142.0,1754318035000.0,0.0,802.0,2025-08-04 14:33:55+00:00
46.0,0.0,803.0,143.0,1754318036000.0,0.0,803.0,2025-08-04 14:33:56+00:00
46.0,0.0,812.0,142.0,1754318045000.0,0.0,812.0,2025-08-04 14:34:05+00:00
46.0,0.0,813.0,143.0,1754318046000.0,0.0,813.0,2025-08-04 14:34:06+00:00
46.0,0.0,816.0,144.0,1754318049000.0,0.0,816.0,2025-08-04 14:34:09+00:00
46.0,0.0,823.0,145.0,1754318056000.0,0.0,823.0,2025-08-04 14:34:16+00:00
46.0,0.0,825.0,144.0,1754318058000.0,0.0,825.0,2025-08-04 14:34:18+00:00
46.0,0.0,826.0,143.0,1754318059000.0,0.0,826.0,2025-08-04 14:34:19+00:00
46.0,0.0,831.0,144.0,1754318064000.0,0.0,831.0,2025-08-04 14:34:24+00:00
46.0,0.0,832.0,146.0,1754318065000.0,0.0,832.0,2025-08-04 14:34:25+00:00
46.0,0.0,833.0,148.0,1754318066000.0,0.0,833.0,2025-08-04 14:34:26+00:00
46.0,0.0,834.0,149.0,1754318067000.0,0.0,834.0,2025-08-04 14:34:27+00:00
46.0,0.0,837.0,150.0,1754318070000.0,0.0,837.0,2025-08-04 14:34:30+00:00
46.0,0.0,843.0,151.0,1754318076000.0,0.0,843.0,2025-08-04 14:34:36+00:00
46.0,0.0,846.0,152.0,1754318079000.0,0.0,846.0,2025-08-04 14:34:39+00:00
46.0,0.0,848.0,153.0,1754318081000.0,0.0,848.0,2025-08-04 14:34:41+00:00
46.0,0.0,854.0,152.0,1754318087000.0,0.0,854.0,2025-08-04 14:34:47+00:00
46.0,0.0,857.0,151.0,1754318090000.0,0.0,857.0,2025-08-04 14:34:50+00:00
46.0,0.0,859.0,150.0,1754318092000.0,0.0,859.0,2025-08-04 14:34:52+00:00
46.0,0.0,860.0,151.0,1754318093000.0,0.0,860.0,2025-08-04 14:34:53+00:00
46.0,0.0,862.0,152.0,1754318095000.0,0.0,862.0,2025-08-04 14:34:55+00:00
46.0,0.0,866.0,153.0,1754318099000.0,0.0,866.0,2025-08-04 14:34:59+00:00
46.0,0.0,868.0,152.0,1754318101000.0,0.0,868.0,2025-08-04 14:35:01+00:00
46.0,0.0,870.0,151.0,1754318103000.0,0.0,870.0,2025-08-04 14:35:03+00:00
46.0,0.0,871.0,150.0,1754318104000.0,0.0,871.0,2025-08-04 14:35:04+00:00
46.0,0.0,872.0,149.0,1754318105000.0,0.0,872.0,2025-08-04 14:35:05+00:00
46.0,0.0,873.0,148.0,1754318106000.0,0.0,873.0,2025-08-04 14:35:06+00:00
46.0,0.0,874.0,147.0,1754318107000.0,0.0,874.0,2025-08-04 14:35:07+00:00
46.0,0.0,875.0,146.0,1754318108000.0,0.0,875.0,2025-08-04 14:35:08+00:00
46.0,0.0,878.0,145.0,1754318111000.0,0.0,878.0,2025-08-04 14:35:11+00:00
46.0,0.0,881.0,146.0,1754318114000.0,0.0,881.0,2025-08-04 14:35:14+00:00
46.0,0.0,888.0,147.0,1754318121000.0,0.0,888.0,2025-08-04 14:35:21+00:00
46.0,0.0,889.0,146.0,1754318122000.0,0.0,889.0,2025-08-04 14:35:22+00:00
46.0,0.0,891.0,145.0,1754318124000.0,0.0,891.0,2025-08-04 14:35:24+00:00
46.0,0.0,896.0,144.0,1754318129000.0,0.0,896.0,2025-08-04 14:35:29+00:00
46.0,0.0,899.0,145.0,1754318132000.0,0.0,899.0,2025-08-04 14:35:32+00:00
46.0,0.0,903.0,146.0,1754318136000.0,0.0,903.0,2025-08-04 14:35:36+00:00
46.0,0.0,904.0,147.0,1754318137000.0,0.0,904.0,2025-08-04 14:35:37+00:00
46.0,0.0,907.0,148.0,1754318140000.0,0.0,907.0,2025-08-04 14:35:40+00:00
46.0,0.0,909.0,149.0,1754318142000.0,0.0,909.0,2025-08-04 14:35:42+00:00
46.0,0.0,912.0,150.0,1754318145000.0,0.0,912.0,2025-08-04 14:35:45+00:00
46.0,0.0,916.0,151.0,1754318149000.0,0.0,916.0,2025-08-04 14:35:49+00:00
46.0,0.0,925.0,150.0,1754318158000.0,0.0,925.0,2025-08-04 14:35:58+00:00
46.0,0.0,926.0,151.0,1754318159000.0,0.0,926.0,2025-08-04 14:35:59+00:00
46.0,0.0,929.0,150.0,1754318162000.0,0.0,929.0,2025-08-04 14:36:02+00:00
46.0,0.0,933.0,151.0,1754318166000.0,0.0,933.0,2025-08-04 14:36:06+00:00
46.0,0.0,937.0,152.0,1754318170000.0,0.0,937.0,2025-08-04 14:36:10+00:00
46.0,0.0,941.0,153.0,1754318174000.0,0.0,941.0,2025-08-04 14:36:14+00:00
46.0,0.0,944.0,154.0,1754318177000.0,0.0,944.0,2025-08-04 14:36:17+00:00
46.0,0.0,949.0,155.0,1754318182000.0,0.0,949.0,2025-08-04 14:36:22+00:00
46.0,0.0,953.0,156.0,1754318186000.0,0.0,953.0,2025-08-04 14:36:26+00:00
46.0,0.0,955.0,157.0,1754318188000.0,0.0,955.0,2025-08-04 14:36:28+00:00
46.0,0.0,957.0,158.0,1754318190000.0,0.0,957.0,2025-08-04 14:36:30+00:00
46.0,0.0,959.0,159.0,1754318192000.0,0.0,959.0,2025-08-04 14:36:32+00:00
46.0,0.0,962.0,160.0,1754318195000.0,0.0,962.0,2025-08-04 14:36:35+00:00
46.0,0.0,965.0,159.0,1754318198000.0,0.0,965.0,2025-08-04 14:36:38+00:00
46.0,0.0,968.0,160.0,1754318201000.0,0.0,968.0,2025-08-04 14:36:41+00:00
46.0,0.0,969.0,159.0,1754318202000.0,0.0,969.0,2025-08-04 14:36:42+00:00
46.0,0.0,973.0,160.0,1754318206000.0,0.0,973.0,2025-08-04 14:36:46+00:00
46.0,0.0,975.0,161.0,1754318208000.0,0.0,975.0,2025-08-04 14:36:48+00:00
46.0,0.0,979.0,160.0,1754318212000.0,0.0,979.0,2025-08-04 14:36:52+00:00
46.0,0.0,980.0,161.0,1754318213000.0,0.0,980.0,2025-08-04 14:36:53+00:00
46.0,0.0,983.0,162.0,1754318216000.0,0.0,983.0,2025-08-04 14:36:56+00:00
46.0,0.0,986.0,163.0,1754318219000.0,0.0,986.0,2025-08-04 14:36:59+00:00
46.0,0.0,992.0,164.0,1754318225000.0,0.0,992.0,2025-08-04 14:37:05+00:00
46.0,0.0,994.0,163.0,1754318227000.0,0.0,994.0,2025-08-04 14:37:07+00:00
46.0,0.0,995.0,164.0,1754318228000.0,0.0,995.0,2025-08-04 14:37:08+00:00
46.0,0.0,1004.0,165.0,1754318237000.0,0.0,1004.0,2025-08-04 14:37:17+00:00
46.0,0.0,1005.0,164.0,1754318238000.0,0.0,1005.0,2025-08-04 14:37:18+00:00
46.0,0.0,1007.0,165.0,1754318240000.0,0.0,1007.0,2025-08-04 14:37:20+00:00
46.0,0.0,1008.0,164.0,1754318241000.0,0.0,1008.0,2025-08-04 14:37:21+00:00
46.0,0.0,1009.0,163.0,1754318242000.0,0.0,1009.0,2025-08-04 14:37:22+00:00
46.0,0.0,1011.0,164.0,1754318244000.0,0.0,1011.0,2025-08-04 14:37:24+00:00
46.0,0.0,1016.0,166.0,1754318249000.0,0.0,1016.0,2025-08-04 14:37:29+00:00
46.0,0.0,1020.0,165.0,1754318253000.0,0.0,1020.0,2025-08-04 14:37:33+00:00
46.0,0.0,1021.0,166.0,1754318254000.0,0.0,1021.0,2025-08-04 14:37:34+00:00
46.0,0.0,1027.0,165.0,1754318260000.0,0.0,1027.0,2025-08-04 14:37:40+00:00
46.0,0.0,1028.0,166.0,1754318261000.0,0.0,1028.0,2025-08-04 14:37:41+00:00
46.0,0.0,1033.0,167.0,1754318266000.0,0.0,1033.0,2025-08-04 14:37:46+00:00
46.0,0.0,1042.0,168.0,1754318275000.0,0.0,1042.0,2025-08-04 14:37:55+00:00
46.0,0.0,1043.0,167.0,1754318276000.0,0.0,1043.0,2025-08-04 14:37:56+00:00
46.0,0.0,1045.0,168.0,1754318278000.0,0.0,1045.0,2025-08-04 14:37:58+00:00
46.0,0.0,1046.0,167.0,1754318279000.0,0.0,1046.0,2025-08-04 14:37:59+00:00
45.0,0.0,1051.0,168.0,1754318284000.0,0.0,1051.0,2025-08-04 14:38:04+00:00
45.0,0.0,1052.0,167.0,1754318285000.0,0.0,1052.0,2025-08-04 14:38:05+00:00
45.0,0.0,1053.0,168.0,1754318286000.0,0.0,1053.0,2025-08-04 14:38:06+00:00
45.0,0.0,1055.0,169.0,1754318288000.0,0.0,1055.0,2025-08-04 14:38:08+00:00
45.0,0.0,1064.0,170.0,1754318297000.0,0.0,1064.0,2025-08-04 14:38:17+00:00
45.0,0.0,1065.0,169.0,1754318298000.0,0.0,1065.0,2025-08-04 14:38:18+00:00
45.0,0.0,1077.0,168.0,1754318310000.0,0.0,1077.0,2025-08-04 14:38:30+00:00
45.0,0.0,1078.0,169.0,1754318311000.0,0.0,1078.0,2025-08-04 14:38:31+00:00
45.0,0.0,1081.0,168.0,1754318314000.0,0.0,1081.0,2025-08-04 14:38:34+00:00
45.0,0.0,1082.0,169.0,1754318315000.0,0.0,1082.0,2025-08-04 14:38:35+00:00
45.0,0.0,1086.0,168.0,1754318319000.0,0.0,1086.0,2025-08-04 14:38:39+00:00
45.0,0.0,1087.0,169.0,1754318320000.0,0.0,1087.0,2025-08-04 14:38:40+00:00
45.0,0.0,1091.0,168.0,1754318324000.0,0.0,1091.0,2025-08-04 14:38:44+00:00
45.0,0.0,1093.0,169.0,1754318326000.0,0.0,1093.0,2025-08-04 14:38:46+00:00
45.0,0.0,1096.0,168.0,1754318329000.0,0.0,1096.0,2025-08-04 14:38:49+00:00
45.0,0.0,1097.0,169.0,1754318330000.0,0.0,1097.0,2025-08-04 14:38:50+00:00
45.0,0.0,1098.0,168.0,1754318331000.0,0.0,1098.0,2025-08-04 14:38:51+00:00
45.0,0.0,1110.0,169.0,1754318343000.0,0.0,1110.0,2025-08-04 14:39:03+00:00
45.0,0.0,1111.0,168.0,1754318344000.0,0.0,1111.0,2025-08-04 14:39:04+00:00
45.0,0.0,1114.0,169.0,1754318347000.0,0.0,1114.0,2025-08-04 14:39:07+00:00
45.0,0.0,1119.0,170.0,1754318352000.0,0.0,1119.0,2025-08-04 14:39:12+00:00
45.0,0.0,1123.0,171.0,1754318356000.0,0.0,1123.0,2025-08-04 14:39:16+00:00
45.0,0.0,1124.0,170.0,1754318357000.0,0.0,1124.0,2025-08-04 14:39:17+00:00
45.0,0.0,1130.0,169.0,1754318363000.0,0.0,1130.0,2025-08-04 14:39:23+00:00
45.0,0.0,1131.0,170.0,1754318364000.0,0.0,1131.0,2025-08-04 14:39:24+00:00
45.0,0.0,1135.0,171.0,1754318368000.0,0.0,1135.0,2025-08-04 14:39:28+00:00
45.0,0.0,1140.0,172.0,1754318373000.0,0.0,1140.0,2025-08-04 14:39:33+00:00
45.0,0.0,1151.0,173.0,1754318384000.0,0.0,1151.0,2025-08-04 14:39:44+00:00
45.0,0.0,1152.0,172.0,1754318385000.0,0.0,1152.0,2025-08-04 14:39:45+00:00
45.0,0.0,1158.0,173.0,1754318391000.0,0.0,1158.0,2025-08-04 14:39:51+00:00
45.0,0.0,1163.0,174.0,1754318396000.0,0.0,1163.0,2025-08-04 14:39:56+00:00
45.0,0.0,1172.0,175.0,1754318405000.0,0.0,1172.0,2025-08-04 14:40:05+00:00
45.0,0.0,1175.0,176.0,1754318408000.0,0.0,1175.0,2025-08-04 14:40:08+00:00
45.0,0.0,1179.0,177.0,1754318412000.0,0.0,1179.0,2025-08-04 14:40:12+00:00
45.0,0.0,1182.0,176.0,1754318415000.0,0.0,1182.0,2025-08-04 14:40:15+00:00
45.0,0.0,1186.0,175.0,1754318419000.0,0.0,1186.0,2025-08-04 14:40:19+00:00
45.0,0.0,1191.0,174.0,1754318424000.0,0.0,1191.0,2025-08-04 14:40:24+00:00
45.0,0.0,1195.0,173.0,1754318428000.0,0.0,1195.0,2025-08-04 14:40:28+00:00
45.0,0.0,1199.0,172.0,1754318432000.0,0.0,1199.0,2025-08-04 14:40:32+00:00
