cadence_spm_frac,cadence_spm,dist_m,timestamp_gmt_ms,elev_m,elapsed_s,moving_s,hr,time_s,body_battery,speed_mps,vert_mps,lat,lon,timestamp_utc
0.0,0.0,0.0,1755085271000.0,499.79998779296875,0.0,0.0,119.0,0.0,54.0,,,,,2025-08-13 11:41:11+00:00
0.0,0.0,0.0,1755085272000.0,499.79998779296875,1.0,0.0,120.0,1.0,54.0,0.0,0.0,,,2025-08-13 11:41:12+00:00
0.0,94.0,2.359999895095825,1755085282000.0,499.6000061035156,11.0,10.0,117.0,11.0,54.0,1.1480000019073486,-0.019999999552965164,,,2025-08-13 11:41:22+00:00
0.0,94.0,5.590000152587891,1755085286000.0,499.3999938964844,15.0,14.0,114.0,15.0,54.0,0.7839999794960022,-0.05000000074505806,46.39370019547641,6.896858084946871,2025-08-13 11:41:26+00:00
0.0,96.0,16.709999084472656,1755085294000.0,499.20001220703125,23.0,22.0,112.0,23.0,54.0,1.4179999828338623,-0.02500000037252903,46.39370053075254,6.897002505138516,2025-08-13 11:41:34+00:00
0.0,98.0,24.639999389648438,1755085300000.0,499.0,29.0,28.0,111.0,29.0,54.0,1.399999976158142,-0.032999999821186066,46.39374126680195,6.897087665274739,2025-08-13 11:41:40+00:00
0.0,96.0,32.040000915527344,1755085306000.0,499.0,35.0,34.0,110.0,35.0,54.0,1.3530000448226929,0.0,46.393756940960884,6.8971786089241505,2025-08-13 11:41:46+00:00
0.0,94.0,39.4900016784668,1755085312000.0,499.20001220703125,41.0,40.0,109.0,41.0,54.0,1.3250000476837158,0.032999999821186066,46.39377244748175,6.8972698878496885,2025-08-13 11:41:52+00:00
0.0,96.0,46.34000015258789,1755085318000.0,499.20001220703125,47.0,46.0,106.0,47.0,54.0,1.305999994277954,0.0,46.393795078620315,6.897352701053023,2025-08-13 11:41:58+00:00
0.5,95.0,47.209999084472656,1755085319000.0,499.20001220703125,48.0,47.0,106.0,48.0,54.0,1.305999994277954,0.0,46.3937976770103,6.89736477099359,2025-08-13 11:41:59+00:00
0.0,94.0,56.7599983215332,1755085327000.0,499.20001220703125,56.0,55.0,105.0,56.0,54.0,1.25,0.0,46.39384620822966,6.897465605288744,2025-08-13 11:42:07+00:00
0.5,95.0,62.380001068115234,1755085332000.0,499.6000061035156,61.0,60.0,109.0,61.0,54.0,1.2319999933242798,0.07999999821186066,46.393885519355536,6.897508101537824,2025-08-13 11:42:12+00:00
0.5,93.0,64.3499984741211,1755085334000.0,499.6000061035156,63.0,62.0,112.0,63.0,54.0,1.222000002861023,0.0,46.39390680938959,6.897518076002598,2025-08-13 11:42:14+00:00
0.5,97.0,67.02999877929688,1755085336000.0,499.6000061035156,65.0,64.0,113.0,65.0,54.0,1.2039999961853027,0.0,46.39392969198525,6.897530648857355,2025-08-13 11:42:16+00:00
0.0,96.0,78.87999725341797,1755085345000.0,499.79998779296875,74.0,73.0,117.0,74.0,54.0,1.222000002861023,0.02199999988079071,46.39402155764401,6.897605499252677,2025-08-13 11:42:25+00:00
0.0,96.0,80.16000366210938,1755085346000.0,499.79998779296875,75.0,74.0,117.0,75.0,54.0,1.222000002861023,0.0,46.39403429813683,6.897609019652009,2025-08-13 11:42:26+00:00
0.5,97.0,90.9000015258789,1755085354000.0,499.6000061035156,83.0,82.0,116.0,83.0,54.0,1.2410000562667847,-0.02500000037252903,46.39411577023566,6.897673727944493,2025-08-13 11:42:34+00:00
0.0,96.0,101.16000366210938,1755085362000.0,499.79998779296875,91.0,90.0,113.0,91.0,54.0,1.2599999904632568,0.02500000037252903,46.394187435507774,6.897760145366192,2025-08-13 11:42:42+00:00
0.0,96.0,102.43000030517578,1755085363000.0,499.79998779296875,92.0,91.0,113.0,92.0,54.0,1.2599999904632568,0.0,46.394198751077056,6.897769533097744,2025-08-13 11:42:43+00:00
0.0,96.0,110.9800033569336,1755085370000.0,499.79998779296875,99.0,98.0,113.0,99.0,54.0,1.2599999904632568,0.0,46.39426480047405,6.897823428735137,2025-08-13 11:42:50+00:00
0.0,94.0,119.55999755859375,1755085377000.0,499.79998779296875,106.0,105.0,113.0,106.0,54.0,1.2599999904632568,0.0,46.394331604242325,6.897881515324116,2025-08-13 11:42:57+00:00
0.0,98.0,121.87999725341797,1755085380000.0,499.79998779296875,109.0,108.0,118.0,109.0,54.0,1.2599999904632568,0.0,46.39435331337154,6.897890316322446,2025-08-13 11:43:00+00:00
0.5,95.0,127.0999984741211,1755085384000.0,500.0,113.0,112.0,119.0,113.0,54.0,1.25,0.05000000074505806,46.39438449405134,6.897937171161175,2025-08-13 11:43:04+00:00
0.0,98.0,137.6300048828125,1755085393000.0,499.79998779296875,122.0,121.0,118.0,122.0,54.0,1.2410000562667847,-0.02199999988079071,46.394459595903754,6.8980261869728565,2025-08-13 11:43:13+00:00
0.5,95.0,147.0800018310547,1755085400000.0,499.79998779296875,129.0,128.0,119.0,129.0,54.0,1.2410000562667847,0.0,46.39452765695751,6.898097265511751,2025-08-13 11:43:20+00:00
0.0,96.0,157.25,1755085408000.0,499.6000061035156,137.0,136.0,122.0,137.0,54.0,1.25,-0.02500000037252903,46.394600830972195,6.898177983239293,2025-08-13 11:43:28+00:00
0.0,96.0,158.82000732421875,1755085409000.0,499.6000061035156,138.0,137.0,122.0,138.0,54.0,1.25,0.0,46.39460946433246,6.898191897198558,2025-08-13 11:43:29+00:00
0.5,93.0,168.50999450683594,1755085417000.0,499.79998779296875,146.0,145.0,119.0,146.0,54.0,1.25,0.02500000037252903,46.394671155139804,6.898285774514079,2025-08-13 11:43:37+00:00
0.5,95.0,171.4600067138672,1755085419000.0,500.0,148.0,147.0,120.0,148.0,54.0,1.25,0.10000000149011612,46.394688338041306,6.898313853889704,2025-08-13 11:43:39+00:00
0.0,0.0,179.47999572753906,1755085426000.0,499.79998779296875,155.0,154.0,119.0,155.0,54.0,1.2410000562667847,-0.028999999165534973,46.39474625699222,6.8983822502195835,2025-08-13 11:43:46+00:00
0.5,95.0,190.64999389648438,1755085434000.0,500.0,163.0,162.0,120.0,163.0,54.0,1.25,0.02500000037252903,46.39484097249806,6.898423824459314,2025-08-13 11:43:54+00:00
0.0,94.0,201.17999267578125,1755085442000.0,500.20001220703125,171.0,170.0,118.0,171.0,54.0,1.277999997138977,0.02500000037252903,46.39492814429104,6.898443773388863,2025-08-13 11:44:02+00:00
0.0,98.0,212.5,1755085452000.0,500.3999938964844,181.0,180.0,118.0,181.0,54.0,1.2410000562667847,0.019999999552965164,46.39503467828035,6.898428937420249,2025-08-13 11:44:12+00:00
0.5,83.0,215.3300018310547,1755085457000.0,500.3999938964844,186.0,185.0,117.0,186.0,54.0,1.2319999933242798,0.0,46.395027386024594,6.898426339030266,2025-08-13 11:44:17+00:00
0.5,83.0,216.69000244140625,1755085459000.0,500.6000061035156,188.0,187.0,117.0,188.0,54.0,1.2130000591278076,0.10000000149011612,46.395013220608234,6.89843631349504,2025-08-13 11:44:19+00:00
0.5,99.0,227.0500030517578,1755085466000.0,500.0,195.0,194.0,119.0,195.0,54.0,1.315999984741211,-0.0860000029206276,46.39492688700557,6.898478390648961,2025-08-13 11:44:26+00:00
0.5,97.0,234.82000732421875,1755085472000.0,499.79998779296875,201.0,200.0,118.0,201.0,54.0,1.2970000505447388,-0.032999999821186066,46.394864274188876,6.898462465032935,2025-08-13 11:44:32+00:00
0.0,96.0,245.49000549316406,1755085481000.0,499.20001220703125,210.0,209.0,115.0,210.0,54.0,1.222000002861023,-0.06700000166893005,46.39477249234915,6.898454669862986,2025-08-13 11:44:41+00:00
0.0,96.0,247.66000366210938,1755085483000.0,499.0,212.0,211.0,115.0,212.0,54.0,1.2130000591278076,-0.10000000149011612,46.3947610091418,6.898474954068661,2025-08-13 11:44:43+00:00
0.5,91.0,254.5800018310547,1755085489000.0,498.6000061035156,218.0,217.0,117.0,218.0,54.0,1.184999942779541,-0.06700000166893005,46.39471683651209,6.8985451105982065,2025-08-13 11:44:49+00:00
0.5,95.0,260.55999755859375,1755085495000.0,498.6000061035156,224.0,223.0,120.0,224.0,54.0,1.1480000019073486,0.0,46.3947057723999,6.898620296269655,2025-08-13 11:44:55+00:00
0.5,95.0,262.2900085449219,1755085496000.0,498.3999938964844,225.0,224.0,120.0,225.0,54.0,1.1480000019073486,-0.20000000298023224,46.394705856218934,6.898637479171157,2025-08-13 11:44:56+00:00
0.0,94.0,271.4100036621094,1755085503000.0,498.3999938964844,232.0,231.0,122.0,232.0,54.0,1.194000005722046,0.0,46.39474030584097,6.898747030645609,2025-08-13 11:45:03+00:00
0.0,96.0,279.1499938964844,1755085510000.0,498.20001220703125,239.0,238.0,121.0,239.0,54.0,1.194000005722046,-0.028999999165534973,46.39478045515716,6.898827496916056,2025-08-13 11:45:10+00:00
0.5,97.0,289.3699951171875,1755085518000.0,498.20001220703125,247.0,246.0,120.0,247.0,54.0,1.2039999961853027,0.0,46.394833931699395,6.898931432515383,2025-08-13 11:45:18+00:00
0.5,93.0,298.0799865722656,1755085525000.0,498.20001220703125,254.0,253.0,121.0,254.0,54.0,1.2039999961853027,0.0,46.39487626031041,6.899023801088333,2025-08-13 11:45:25+00:00
0.0,96.0,310.0,1755085533000.0,498.3999938964844,262.0,261.0,120.0,262.0,54.0,1.2319999933242798,0.02500000037252903,46.39494700357318,6.899140225723386,2025-08-13 11:45:33+00:00
0.0,94.0,317.6099853515625,1755085540000.0,497.79998779296875,269.0,268.0,118.0,269.0,54.0,1.222000002861023,-0.0860000029206276,46.39498866163194,6.899216249585152,2025-08-13 11:45:40+00:00
0.0,94.0,318.9800109863281,1755085541000.0,497.6000061035156,270.0,269.0,119.0,270.0,54.0,1.222000002861023,-0.20000000298023224,46.394997546449304,6.8992319237440825,2025-08-13 11:45:41+00:00
0.0,100.0,327.2200012207031,1755085547000.0,497.3999938964844,276.0,275.0,118.0,276.0,54.0,1.25,-0.032999999821186066,46.39503953978419,6.899316078051925,2025-08-13 11:45:47+00:00
0.5,99.0,330.04998779296875,1755085550000.0,497.6000061035156,279.0,278.0,119.0,279.0,54.0,1.2599999904632568,0.06700000166893005,46.39506292529404,6.899337787181139,2025-08-13 11:45:50+00:00
0.0,86.0,331.9100036621094,1755085553000.0,497.6000061035156,282.0,281.0,118.0,282.0,54.0,1.2130000591278076,0.0,46.39508346095681,6.899323035031557,2025-08-13 11:45:53+00:00
0.5,85.0,334.4599914550781,1755085555000.0,497.6000061035156,284.0,283.0,115.0,284.0,54.0,1.1380000114440918,0.0,46.395103577524424,6.899306774139404,2025-08-13 11:45:55+00:00
0.5,91.0,335.3699951171875,1755085556000.0,497.79998779296875,285.0,284.0,112.0,285.0,54.0,1.1380000114440918,0.20000000298023224,46.39511112123728,6.89929872751236,2025-08-13 11:45:56+00:00
0.5,93.0,336.42999267578125,1755085557000.0,497.79998779296875,286.0,285.0,109.0,286.0,54.0,1.1380000114440918,0.0,46.395119335502386,6.899288333952427,2025-08-13 11:45:57+00:00
0.0,96.0,340.9800109863281,1755085560000.0,498.20001220703125,289.0,288.0,106.0,289.0,54.0,1.1200000047683716,0.13300000131130219,46.39515420421958,6.899257320910692,2025-08-13 11:46:00+00:00
0.0,96.0,345.5,1755085563000.0,498.3999938964844,292.0,291.0,106.0,292.0,54.0,1.184999942779541,0.06700000166893005,46.39518546871841,6.8992251344025135,2025-08-13 11:46:03+00:00
0.0,96.0,348.0199890136719,1755085565000.0,498.6000061035156,294.0,293.0,106.0,294.0,54.0,1.2319999933242798,0.10000000149011612,46.39520374126732,6.899208705872297,2025-08-13 11:46:05+00:00
0.0,98.0,352.45001220703125,1755085569000.0,498.79998779296875,298.0,297.0,111.0,298.0,54.0,1.222000002861023,0.05000000074505806,46.39524070546031,6.899177022278309,2025-08-13 11:46:09+00:00
0.0,96.0,353.6099853515625,1755085570000.0,499.0,299.0,298.0,119.0,299.0,54.0,1.222000002861023,0.20000000298023224,46.395249255001545,6.899169059470296,2025-08-13 11:46:10+00:00
0.0,96.0,356.1099853515625,1755085572000.0,499.0,301.0,300.0,122.0,301.0,54.0,1.2130000591278076,0.0,46.395268784835935,6.8991512060165405,2025-08-13 11:46:12+00:00
0.0,96.0,358.760009765625,1755085574000.0,499.20001220703125,303.0,302.0,124.0,303.0,54.0,1.2130000591278076,0.10000000149011612,46.39529007486999,6.899136621505022,2025-08-13 11:46:14+00:00
0.0,96.0,361.6600036621094,1755085576000.0,499.0,305.0,304.0,127.0,305.0,54.0,1.222000002861023,-0.10000000149011612,46.39531245455146,6.8991196900606155,2025-08-13 11:46:16+00:00
0.5,97.0,370.29998779296875,1755085583000.0,498.79998779296875,312.0,311.0,127.0,312.0,54.0,1.2130000591278076,-0.028999999165534973,46.395391998812556,6.899089179933071,2025-08-13 11:46:23+00:00
0.0,94.0,378.7099914550781,1755085590000.0,498.3999938964844,319.0,318.0,127.0,319.0,54.0,1.2319999933242798,-0.05700000002980232,46.39543189667165,6.899176687002182,2025-08-13 11:46:30+00:00
0.0,96.0,388.6600036621094,1755085598000.0,498.0,327.0,326.0,128.0,327.0,54.0,1.222000002861023,-0.05000000074505806,46.39546114951372,6.899291854351759,2025-08-13 11:46:38+00:00
0.5,95.0,400.9200134277344,1755085607000.0,497.79998779296875,336.0,335.0,129.0,336.0,54.0,1.222000002861023,-0.02199999988079071,46.39548587612808,6.899448847398162,2025-08-13 11:46:47+00:00
0.5,95.0,411.8500061035156,1755085617000.0,497.6000061035156,346.0,345.0,126.0,346.0,54.0,1.2130000591278076,-0.019999999552965164,46.39551127329469,6.899586478248239,2025-08-13 11:46:57+00:00
0.0,94.0,413.1099853515625,1755085618000.0,497.3999938964844,347.0,346.0,126.0,347.0,54.0,1.2130000591278076,-0.20000000298023224,46.39551387168467,6.899598967283964,2025-08-13 11:46:58+00:00
0.5,93.0,418.3800048828125,1755085623000.0,497.20001220703125,352.0,351.0,123.0,352.0,54.0,1.1759999990463257,-0.03999999910593033,46.3955348264426,6.899669039994478,2025-08-13 11:47:03+00:00
0.5,97.0,424.95001220703125,1755085628000.0,497.0,357.0,356.0,122.0,357.0,54.0,1.194000005722046,-0.03999999910593033,46.39556609094143,6.8997411243617535,2025-08-13 11:47:08+00:00
0.5,95.0,437.260009765625,1755085639000.0,496.6000061035156,368.0,367.0,122.0,368.0,54.0,1.194000005722046,-0.035999998450279236,46.39561730436981,6.89988411962986,2025-08-13 11:47:19+00:00
0.0,96.0,446.7200012207031,1755085647000.0,496.20001220703125,376.0,375.0,122.0,376.0,54.0,1.184999942779541,-0.05000000074505806,46.395681677386165,6.899976572021842,2025-08-13 11:47:27+00:00
0.0,94.0,451.92999267578125,1755085653000.0,496.20001220703125,382.0,381.0,119.0,382.0,54.0,1.1759999990463257,0.0,46.395714366808534,6.900022756308317,2025-08-13 11:47:33+00:00
0.0,94.0,453.1600036621094,1755085654000.0,496.20001220703125,383.0,382.0,119.0,383.0,54.0,1.1759999990463257,0.0,46.395721742883325,6.9000394362956285,2025-08-13 11:47:34+00:00
0.0,94.0,465.5899963378906,1755085662000.0,496.0,391.0,390.0,119.0,391.0,54.0,1.2039999961853027,-0.02500000037252903,46.39578251168132,6.900174468755722,2025-08-13 11:47:42+00:00
0.0,0.0,472.6499938964844,1755085670000.0,496.20001220703125,399.0,398.0,119.0,399.0,54.0,1.2130000591278076,0.02500000037252903,46.39580983668566,6.900235908105969,2025-08-13 11:47:50+00:00
0.0,0.0,473.7099914550781,1755085680000.0,496.0,409.0,398.0,117.0,409.0,54.0,0.0,-0.019999999552965164,46.39581939205527,6.900235321372747,2025-08-13 11:48:00+00:00
0.0,0.0,475.5799865722656,1755085690000.0,496.0,419.0,398.0,119.0,419.0,54.0,0.0,0.0,46.39581293798983,6.900239931419492,2025-08-13 11:48:10+00:00
0.0,0.0,475.5799865722656,1755085693000.0,496.0,422.0,398.0,124.0,422.0,54.0,0.0,0.0,46.39581084251404,6.900234986096621,2025-08-13 11:48:13+00:00
0.0,0.0,475.95001220703125,1755085695000.0,496.0,424.0,398.0,128.0,424.0,54.0,0.0,0.0,46.39581570401788,6.900236746296287,2025-08-13 11:48:15+00:00
0.0,0.0,476.45001220703125,1755085696000.0,495.79998779296875,425.0,398.0,131.0,425.0,54.0,0.0,-0.20000000298023224,46.39582173898816,6.900238590314984,2025-08-13 11:48:16+00:00
0.0,0.0,476.6400146484375,1755085697000.0,495.79998779296875,426.0,398.0,131.0,426.0,54.0,0.0,0.0,46.39582643285394,6.90024621784687,2025-08-13 11:48:17+00:00
0.0,0.0,481.6600036621094,1755085701000.0,495.79998779296875,430.0,398.0,129.0,430.0,54.0,0.0,0.0,46.39584856107831,6.9002965092659,2025-08-13 11:48:21+00:00
0.5,97.0,495.6499938964844,1755085712000.0,495.6000061035156,441.0,409.0,129.0,441.0,54.0,1.0540000200271606,-0.017999999225139618,46.39591544866562,6.900464314967394,2025-08-13 11:48:32+00:00
0.0,96.0,501.0299987792969,1755085716000.0,495.6000061035156,445.0,413.0,125.0,445.0,54.0,1.222000002861023,0.0,46.39592466875911,6.9005312863737345,2025-08-13 11:48:36+00:00
0.0,96.0,504.6099853515625,1755085718000.0,495.6000061035156,447.0,415.0,121.0,447.0,54.0,1.25,0.0,46.395927937701344,6.900574201717973,2025-08-13 11:48:38+00:00
0.5,97.0,508.3900146484375,1755085721000.0,495.6000061035156,450.0,418.0,120.0,450.0,54.0,1.3339999914169312,0.0,46.39593254774809,6.900620302185416,2025-08-13 11:48:41+00:00
0.5,95.0,511.6700134277344,1755085724000.0,495.6000061035156,453.0,421.0,119.0,453.0,54.0,1.2970000505447388,0.0,46.39594227075577,6.900667827576399,2025-08-13 11:48:44+00:00
0.0,96.0,524.2999877929688,1755085732000.0,495.3999938964844,461.0,429.0,122.0,461.0,54.0,1.399999976158142,-0.02500000037252903,46.39597076922655,6.900817109271884,2025-08-13 11:48:52+00:00
0.0,96.0,527.25,1755085736000.0,495.3999938964844,465.0,433.0,119.0,465.0,54.0,1.2970000505447388,0.0,46.39597462490201,6.9008594378829,2025-08-13 11:48:56+00:00
0.0,94.0,536.530029296875,1755085744000.0,495.6000061035156,473.0,441.0,118.0,473.0,54.0,1.2410000562667847,0.02500000037252903,46.395999351516366,6.900979466736317,2025-08-13 11:49:04+00:00
0.0,96.0,548.52001953125,1755085754000.0,495.6000061035156,483.0,451.0,119.0,483.0,54.0,1.25,0.0,46.39602843672037,6.901132017374039,2025-08-13 11:49:14+00:00
0.5,97.0,563.8699951171875,1755085765000.0,495.6000061035156,494.0,462.0,120.0,494.0,54.0,1.2599999904632568,0.0,46.39605961740017,6.901324046775699,2025-08-13 11:49:25+00:00
0.0,0.0,570.8200073242188,1755085774000.0,495.0,503.0,471.0,120.0,503.0,54.0,1.222000002861023,-0.06700000166893005,46.39608300291002,6.9014127273112535,2025-08-13 11:49:34+00:00
0.0,96.0,579.9400024414062,1755085783000.0,495.0,512.0,480.0,120.0,512.0,54.0,1.184999942779541,0.0,46.39605190604925,6.901537450030446,2025-08-13 11:49:43+00:00
0.0,96.0,591.97998046875,1755085792000.0,495.0,521.0,489.0,119.0,521.0,54.0,1.2690000534057617,0.0,46.39600781723857,6.901670303195715,2025-08-13 11:49:52+00:00
0.5,93.0,606.75,1755085802000.0,495.0,531.0,499.0,120.0,531.0,54.0,1.3530000448226929,0.0,46.39597269706428,6.901849592104554,2025-08-13 11:50:02+00:00
0.0,100.0,617.739990234375,1755085811000.0,495.20001220703125,540.0,508.0,119.0,540.0,54.0,1.2690000534057617,0.02199999988079071,46.39598032459617,6.901983870193362,2025-08-13 11:50:11+00:00
0.0,102.0,621.0700073242188,1755085814000.0,495.3999938964844,543.0,511.0,116.0,543.0,54.0,1.2599999904632568,0.06700000166893005,46.39598644338548,6.9020220916718245,2025-08-13 11:50:14+00:00
0.5,99.0,628.8099975585938,1755085820000.0,496.0,549.0,517.0,117.0,549.0,54.0,1.25,0.10000000149011612,46.396004715934396,6.902130972594023,2025-08-13 11:50:20+00:00
0.0,96.0,639.52001953125,1755085828000.0,496.6000061035156,557.0,525.0,119.0,557.0,54.0,1.315999984741211,0.07500000298023224,46.39599801041186,6.902262317016721,2025-08-13 11:50:28+00:00
0.0,96.0,639.9299926757812,1755085829000.0,496.6000061035156,558.0,526.0,120.0,558.0,54.0,1.305999994277954,0.0,46.395998261868954,6.902271453291178,2025-08-13 11:50:29+00:00
0.5,97.0,652.030029296875,1755085839000.0,496.79998779296875,568.0,536.0,121.0,568.0,54.0,1.25,0.019999999552965164,46.39599700458348,6.902440013363957,2025-08-13 11:50:39+00:00
0.5,95.0,664.8599853515625,1755085847000.0,497.3999938964844,576.0,544.0,124.0,576.0,54.0,1.2970000505447388,0.07500000298023224,46.3960234913975,6.902593653649092,2025-08-13 11:50:47+00:00
0.0,96.0,672.1900024414062,1755085853000.0,497.3999938964844,582.0,550.0,127.0,582.0,54.0,1.2970000505447388,0.0,46.39601904898882,6.90268250182271,2025-08-13 11:50:53+00:00
0.5,97.0,674.4199829101562,1755085856000.0,497.3999938964844,585.0,553.0,126.0,585.0,54.0,1.2879999876022339,0.0,46.39602784998715,6.902720388025045,2025-08-13 11:50:56+00:00
0.0,96.0,677.739990234375,1755085858000.0,497.6000061035156,587.0,555.0,126.0,587.0,54.0,1.277999997138977,0.10000000149011612,46.39602893963456,6.902760621160269,2025-08-13 11:50:58+00:00
0.5,99.0,683.6500244140625,1755085862000.0,497.6000061035156,591.0,559.0,123.0,591.0,54.0,1.2970000505447388,0.0,46.39603078365326,6.9028358068317175,2025-08-13 11:51:02+00:00
0.0,96.0,685.489990234375,1755085864000.0,497.6000061035156,593.0,561.0,120.0,593.0,54.0,1.2970000505447388,0.0,46.39602927491069,6.902856510132551,2025-08-13 11:51:04+00:00
0.5,97.0,688.239990234375,1755085866000.0,497.79998779296875,595.0,563.0,120.0,595.0,54.0,1.2879999876022339,0.10000000149011612,46.39602441340685,6.902892300859094,2025-08-13 11:51:06+00:00
0.5,97.0,699.5499877929688,1755085875000.0,498.0,604.0,572.0,120.0,604.0,54.0,1.277999997138977,0.02199999988079071,46.39603078365326,6.903040409088135,2025-08-13 11:51:15+00:00
0.0,96.0,710.469970703125,1755085884000.0,498.3999938964844,613.0,581.0,121.0,613.0,54.0,1.2879999876022339,0.04399999976158142,46.39601871371269,6.903182566165924,2025-08-13 11:51:24+00:00
0.0,94.0,721.5,1755085893000.0,498.6000061035156,622.0,590.0,121.0,622.0,54.0,1.2690000534057617,0.02199999988079071,46.39598594047129,6.903315000236034,2025-08-13 11:51:33+00:00
0.0,96.0,733.1500244140625,1755085903000.0,498.20001220703125,632.0,600.0,121.0,632.0,54.0,1.2410000562667847,-0.03999999910593033,46.395995747298,6.903477441519499,2025-08-13 11:51:43+00:00
0.0,96.0,746.7100219726562,1755085912000.0,498.0,641.0,609.0,119.0,641.0,54.0,1.2690000534057617,-0.02199999988079071,46.3959941547364,6.9036436546593904,2025-08-13 11:51:52+00:00
0.5,97.0,760.0599975585938,1755085923000.0,498.0,652.0,620.0,119.0,652.0,53.0,1.277999997138977,0.0,46.3960184622556,6.903809364885092,2025-08-13 11:52:03+00:00
0.0,96.0,772.0599975585938,1755085932000.0,498.0,661.0,629.0,120.0,661.0,53.0,1.277999997138977,0.0,46.39603212475777,6.903961077332497,2025-08-13 11:52:12+00:00
0.5,99.0,784.5499877929688,1755085941000.0,497.79998779296875,670.0,638.0,120.0,670.0,53.0,1.305999994277954,-0.02199999988079071,46.39601033180952,6.904113125056028,2025-08-13 11:52:21+00:00
0.0,96.0,792.7999877929688,1755085949000.0,497.79998779296875,678.0,646.0,119.0,678.0,53.0,1.2599999904632568,0.0,46.395992897450924,6.904227873310447,2025-08-13 11:52:29+00:00
0.5,101.0,806.1799926757812,1755085959000.0,497.79998779296875,688.0,656.0,118.0,688.0,53.0,1.2690000534057617,0.0,46.3959632255137,6.904400289058685,2025-08-13 11:52:39+00:00
0.5,97.0,820.3599853515625,1755085969000.0,497.6000061035156,698.0,666.0,118.0,698.0,53.0,1.2970000505447388,-0.019999999552965164,46.39594688080251,6.9045795779675245,2025-08-13 11:52:49+00:00
0.5,99.0,831.3099975585938,1755085978000.0,497.3999938964844,707.0,675.0,117.0,707.0,53.0,1.2970000505447388,-0.02199999988079071,46.395925087854266,6.9047109223902225,2025-08-13 11:52:58+00:00
0.5,99.0,845.0999755859375,1755085989000.0,497.3999938964844,718.0,686.0,117.0,718.0,53.0,1.2690000534057617,0.0,46.39590438455343,6.904889289289713,2025-08-13 11:53:09+00:00
0.0,100.0,859.9600219726562,1755086000000.0,497.3999938964844,729.0,697.0,120.0,729.0,53.0,1.2879999876022339,0.0,46.39589197933674,6.9050887785851955,2025-08-13 11:53:20+00:00
0.5,99.0,862.9600219726562,1755086002000.0,497.20001220703125,731.0,699.0,123.0,731.0,53.0,1.2879999876022339,-0.10000000149011612,46.395887369289994,6.905129766091704,2025-08-13 11:53:22+00:00
0.5,99.0,867.1900024414062,1755086005000.0,497.20001220703125,734.0,702.0,126.0,734.0,53.0,1.2970000505447388,0.0,46.39587923884392,6.905183997005224,2025-08-13 11:53:25+00:00
0.0,100.0,877.9199829101562,1755086012000.0,497.20001220703125,741.0,709.0,129.0,741.0,53.0,1.3250000476837158,0.0,46.3958628103137,6.905314000323415,2025-08-13 11:53:32+00:00
0.5,103.0,891.3599853515625,1755086021000.0,497.0,750.0,718.0,129.0,750.0,53.0,1.3339999914169312,-0.02199999988079071,46.39584420248866,6.905487338081002,2025-08-13 11:53:41+00:00
0.0,96.0,899.1400146484375,1755086028000.0,497.0,757.0,725.0,128.0,757.0,53.0,1.343999981880188,0.0,46.3958334736526,6.905580293387175,2025-08-13 11:53:48+00:00
0.5,99.0,913.9299926757812,1755086040000.0,496.79998779296875,769.0,737.0,129.0,769.0,53.0,1.315999984741211,-0.017000000923871994,46.39585727825761,6.90577358007431,2025-08-13 11:54:00+00:00
0.0,96.0,930.3499755859375,1755086050000.0,496.6000061035156,779.0,747.0,128.0,779.0,53.0,1.3530000448226929,-0.019999999552965164,46.395865911617875,6.905983379110694,2025-08-13 11:54:10+00:00
0.0,100.0,936.3699951171875,1755086055000.0,496.6000061035156,784.0,752.0,128.0,784.0,53.0,1.3619999885559082,0.0,46.39586415141821,6.906069293618202,2025-08-13 11:54:15+00:00
0.0,100.0,942.77001953125,1755086059000.0,496.3999938964844,788.0,756.0,128.0,788.0,53.0,1.371999979019165,-0.05000000074505806,46.395863480865955,6.906147748231888,2025-08-13 11:54:19+00:00
0.5,99.0,959.760009765625,1755086071000.0,496.20001220703125,800.0,768.0,127.0,800.0,53.0,1.3899999856948853,-0.017000000923871994,46.39587454497814,6.90636433660984,2025-08-13 11:54:31+00:00
0.5,97.0,970.2899780273438,1755086080000.0,496.20001220703125,809.0,777.0,126.0,809.0,53.0,1.38100004196167,0.0,46.39589164406061,6.906501967459917,2025-08-13 11:54:40+00:00
0.0,96.0,985.5,1755086091000.0,496.20001220703125,820.0,788.0,127.0,820.0,53.0,1.3530000448226929,0.0,46.395904552191496,6.906707910820842,2025-08-13 11:54:51+00:00
0.5,97.0,996.3699951171875,1755086100000.0,496.0,829.0,797.0,127.0,829.0,53.0,1.38100004196167,-0.02199999988079071,46.395904971286654,6.906840428709984,2025-08-13 11:55:00+00:00
0.5,97.0,1001.9199829101562,1755086104000.0,496.0,833.0,801.0,127.0,833.0,53.0,1.3530000448226929,0.0,46.39589482918382,6.906915279105306,2025-08-13 11:55:04+00:00
0.0,100.0,1010.510009765625,1755086109000.0,496.0,838.0,806.0,127.0,838.0,53.0,1.3530000448226929,0.0,46.39587102457881,6.907019466161728,2025-08-13 11:55:09+00:00
0.0,96.0,1015.27001953125,1755086113000.0,495.79998779296875,842.0,810.0,124.0,842.0,53.0,1.371999979019165,-0.05000000074505806,46.39585794880986,6.907074199989438,2025-08-13 11:55:13+00:00
0.0,96.0,1020.6699829101562,1755086117000.0,495.79998779296875,846.0,814.0,127.0,846.0,53.0,1.3619999885559082,0.0,46.39585199765861,6.907138908281922,2025-08-13 11:55:17+00:00
0.5,99.0,1033.050048828125,1755086127000.0,495.79998779296875,856.0,824.0,128.0,856.0,53.0,1.343999981880188,0.0,46.395836072042584,6.907309228554368,2025-08-13 11:55:27+00:00
0.5,99.0,1044.9200439453125,1755086137000.0,495.6000061035156,866.0,834.0,126.0,866.0,53.0,1.343999981880188,-0.019999999552965164,46.395821319893,6.90745934844017,2025-08-13 11:55:37+00:00
0.5,99.0,1046.5999755859375,1755086138000.0,495.6000061035156,867.0,835.0,126.0,867.0,53.0,1.343999981880188,0.0,46.395821990445256,6.9074781239032745,2025-08-13 11:55:38+00:00
0.5,99.0,1059.1700439453125,1755086147000.0,495.3999938964844,876.0,844.0,126.0,876.0,53.0,1.343999981880188,-0.02199999988079071,46.39582458883524,6.90763377584517,2025-08-13 11:55:47+00:00
0.5,95.0,1071.0400390625,1755086156000.0,495.20001220703125,885.0,853.0,126.0,885.0,53.0,1.315999984741211,-0.02199999988079071,46.39576004818082,6.907767970114946,2025-08-13 11:55:56+00:00
0.5,99.0,1084.4000244140625,1755086165000.0,495.0,894.0,862.0,127.0,894.0,53.0,1.38100004196167,-0.02199999988079071,46.39563951641321,6.907794205471873,2025-08-13 11:56:05+00:00
0.5,97.0,1096.239990234375,1755086174000.0,495.20001220703125,903.0,871.0,128.0,903.0,53.0,1.38100004196167,0.02199999988079071,46.395542956888676,6.9078100472688675,2025-08-13 11:56:14+00:00
0.5,97.0,1103.3699951171875,1755086179000.0,495.3999938964844,908.0,876.0,125.0,908.0,53.0,1.371999979019165,0.03999999910593033,46.395480930805206,6.907842820510268,2025-08-13 11:56:19+00:00
0.5,95.0,1106.199951171875,1755086182000.0,495.3999938964844,911.0,879.0,126.0,911.0,53.0,1.371999979019165,0.0,46.39545913785696,6.907871402800083,2025-08-13 11:56:22+00:00
0.5,97.0,1117.68994140625,1755086191000.0,495.3999938964844,920.0,888.0,125.0,920.0,53.0,1.3530000448226929,0.0,46.39540742151439,6.907996712252498,2025-08-13 11:56:31+00:00
0.5,99.0,1129.77001953125,1755086201000.0,495.20001220703125,930.0,898.0,123.0,930.0,53.0,1.315999984741211,-0.019999999552965164,46.39535402879119,6.908134259283543,2025-08-13 11:56:41+00:00
0.5,95.0,1142.5799560546875,1755086210000.0,495.20001220703125,939.0,907.0,125.0,939.0,53.0,1.315999984741211,0.0,46.39529443345964,6.90828412771225,2025-08-13 11:56:50+00:00
0.0,96.0,1147.1400146484375,1755086213000.0,495.20001220703125,942.0,910.0,122.0,942.0,53.0,1.3250000476837158,0.0,46.39528554864228,6.90833349712193,2025-08-13 11:56:53+00:00
0.5,99.0,1156.739990234375,1755086220000.0,495.20001220703125,949.0,917.0,125.0,949.0,53.0,1.3339999914169312,0.0,46.395245399326086,6.908447407186031,2025-08-13 11:57:00+00:00
0.5,97.0,1161.7900390625,1755086224000.0,495.0,953.0,921.0,122.0,953.0,53.0,1.3339999914169312,-0.05000000074505806,46.39521673321724,6.9085027277469635,2025-08-13 11:57:04+00:00
0.5,99.0,1172.4200439453125,1755086231000.0,495.0,960.0,928.0,123.0,960.0,53.0,1.343999981880188,0.0,46.39516367577016,6.9086122792214155,2025-08-13 11:57:11+00:00
0.0,96.0,1181.0999755859375,1755086239000.0,495.0,968.0,936.0,126.0,968.0,53.0,1.3339999914169312,0.0,46.39512344263494,6.908707078546286,2025-08-13 11:57:19+00:00
0.5,97.0,1182.949951171875,1755086241000.0,494.79998779296875,970.0,938.0,125.0,970.0,53.0,1.3250000476837158,-0.10000000149011612,46.39511321671307,6.908733649179339,2025-08-13 11:57:21+00:00
0.0,98.0,1198.010009765625,1755086251000.0,495.20001220703125,980.0,948.0,125.0,980.0,53.0,1.315999984741211,0.03999999910593033,46.39503878541291,6.908908244222403,2025-08-13 11:57:31+00:00
0.0,96.0,1210.510009765625,1755086259000.0,495.20001220703125,988.0,956.0,128.0,988.0,53.0,1.3619999885559082,0.0,46.394994109869,6.90904394723475,2025-08-13 11:57:39+00:00
0.5,97.0,1213.6600341796875,1755086262000.0,495.20001220703125,991.0,959.0,127.0,991.0,53.0,1.3619999885559082,0.0,46.39498581178486,6.909081498160958,2025-08-13 11:57:42+00:00
0.5,97.0,1221.949951171875,1755086268000.0,495.20001220703125,997.0,965.0,130.0,997.0,53.0,1.3339999914169312,0.0,46.3949666172266,6.90919054672122,2025-08-13 11:57:48+00:00
0.0,96.0,1228.0400390625,1755086272000.0,495.20001220703125,1001.0,969.0,130.0,1001.0,53.0,1.3530000448226929,0.0,46.394954631105065,6.90925944596529,2025-08-13 11:57:52+00:00
0.5,95.0,1230.6800537109375,1755086274000.0,495.20001220703125,1003.0,971.0,127.0,1003.0,53.0,1.3530000448226929,0.0,46.39495144598186,6.9092923030257225,2025-08-13 11:57:54+00:00
0.5,99.0,1241.8900146484375,1755086283000.0,495.0,1012.0,980.0,127.0,1012.0,53.0,1.343999981880188,-0.02199999988079071,46.39495085924864,6.909442925825715,2025-08-13 11:58:03+00:00
0.0,94.0,1254.0899658203125,1755086292000.0,495.0,1021.0,989.0,126.0,1021.0,53.0,1.3530000448226929,0.0,46.39496351592243,6.909594722092152,2025-08-13 11:58:12+00:00
0.0,96.0,1262.3199462890625,1755086297000.0,495.0,1026.0,994.0,123.0,1026.0,53.0,1.3619999885559082,0.0,46.39497768133879,6.909700250253081,2025-08-13 11:58:17+00:00
0.5,97.0,1266.5899658203125,1755086300000.0,495.20001220703125,1029.0,997.0,123.0,1029.0,53.0,1.371999979019165,0.06700000166893005,46.39498606324196,6.909749116748571,2025-08-13 11:58:20+00:00
0.0,96.0,1277.469970703125,1755086309000.0,495.0,1038.0,1006.0,123.0,1038.0,53.0,1.3619999885559082,-0.02199999988079071,46.39499293640256,6.909893536940217,2025-08-13 11:58:29+00:00
0.5,97.0,1292.239990234375,1755086319000.0,494.6000061035156,1048.0,1016.0,122.0,1048.0,53.0,1.371999979019165,-0.03999999910593033,46.39500584453344,6.910083219408989,2025-08-13 11:58:39+00:00
0.5,99.0,1302.72998046875,1755086328000.0,494.6000061035156,1057.0,1025.0,121.0,1057.0,53.0,1.343999981880188,0.0,46.39501431025565,6.910227807238698,2025-08-13 11:58:48+00:00
0.5,99.0,1314.4100341796875,1755086337000.0,494.79998779296875,1066.0,1034.0,121.0,1066.0,53.0,1.3339999914169312,0.02199999988079071,46.39503006823361,6.910381196066737,2025-08-13 11:58:57+00:00
0.0,96.0,1331.1500244140625,1755086348000.0,494.79998779296875,1077.0,1045.0,120.0,1077.0,53.0,1.3619999885559082,0.0,46.395100643858314,6.910567106679082,2025-08-13 11:59:08+00:00
0.0,96.0,1345.239990234375,1755086359000.0,495.0,1088.0,1056.0,121.0,1088.0,53.0,1.3619999885559082,0.017999999225139618,46.395158395171165,6.9107336550951,2025-08-13 11:59:19+00:00
0.5,97.0,1354.8699951171875,1755086366000.0,495.20001220703125,1095.0,1063.0,124.0,1095.0,53.0,1.3530000448226929,0.028999999165534973,46.395167699083686,6.910860054194927,2025-08-13 11:59:26+00:00
0.5,97.0,1357.5799560546875,1755086368000.0,495.20001220703125,1097.0,1065.0,126.0,1097.0,53.0,1.3530000448226929,0.0,46.39516786672175,6.9109000358730555,2025-08-13 11:59:28+00:00
0.0,96.0,1372.050048828125,1755086378000.0,495.20001220703125,1107.0,1075.0,128.0,1107.0,53.0,1.371999979019165,0.0,46.395180858671665,6.9110859464854,2025-08-13 11:59:38+00:00
0.5,97.0,1380.3299560546875,1755086384000.0,495.20001220703125,1113.0,1081.0,125.0,1113.0,53.0,1.371999979019165,0.0,46.39517658390105,6.91119390539825,2025-08-13 11:59:44+00:00
0.5,99.0,1384.3900146484375,1755086388000.0,495.20001220703125,1117.0,1085.0,123.0,1117.0,53.0,1.371999979019165,0.0,46.39516753144562,6.911250902339816,2025-08-13 11:59:48+00:00
0.5,97.0,1397.52001953125,1755086397000.0,495.3999938964844,1126.0,1094.0,122.0,1126.0,53.0,1.3619999885559082,0.02199999988079071,46.39514003880322,6.911418875679374,2025-08-13 11:59:57+00:00
0.5,97.0,1405.3599853515625,1755086404000.0,495.20001220703125,1133.0,1101.0,125.0,1133.0,53.0,1.3619999885559082,-0.028999999165534973,46.39512771740556,6.911518536508083,2025-08-13 12:00:04+00:00
0.0,100.0,1410.25,1755086408000.0,495.20001220703125,1137.0,1105.0,126.0,1137.0,53.0,1.3530000448226929,0.0,46.3951201736927,6.911570588126779,2025-08-13 12:00:08+00:00
0.5,99.0,1420.3699951171875,1755086416000.0,495.3999938964844,1145.0,1113.0,124.0,1145.0,53.0,1.343999981880188,0.02500000037252903,46.395117826759815,6.911707045510411,2025-08-13 12:00:16+00:00
0.5,97.0,1425.9300537109375,1755086421000.0,495.3999938964844,1150.0,1118.0,127.0,1150.0,53.0,1.3250000476837158,0.0,46.39511816203594,6.9117820635437965,2025-08-13 12:00:21+00:00
0.5,95.0,1431.280029296875,1755086426000.0,495.3999938964844,1155.0,1123.0,127.0,1155.0,53.0,1.315999984741211,0.0,46.39511212706566,6.911859260872006,2025-08-13 12:00:26+00:00
0.0,96.0,1444.780029296875,1755086436000.0,495.6000061035156,1165.0,1133.0,126.0,1165.0,53.0,1.277999997138977,0.019999999552965164,46.39507759362459,6.912027737125754,2025-08-13 12:00:36+00:00
0.5,97.0,1457.780029296875,1755086446000.0,495.3999938964844,1175.0,1143.0,126.0,1175.0,53.0,1.2879999876022339,-0.019999999552965164,46.39505663886666,6.912195039913058,2025-08-13 12:00:46+00:00
0.0,96.0,1470.0999755859375,1755086456000.0,495.3999938964844,1185.0,1153.0,126.0,1185.0,53.0,1.2879999876022339,0.0,46.395024536177516,6.912375250831246,2025-08-13 12:00:56+00:00
0.0,96.0,1477.52001953125,1755086460000.0,495.6000061035156,1189.0,1157.0,122.0,1189.0,53.0,1.2879999876022339,0.05000000074505806,46.39499771408737,6.912451442331076,2025-08-13 12:01:00+00:00
0.5,97.0,1483.68994140625,1755086466000.0,495.3999938964844,1195.0,1163.0,122.0,1195.0,53.0,1.2970000505447388,-0.032999999821186066,46.394963348284364,6.912513971328735,2025-08-13 12:01:06+00:00
0.5,97.0,1499.52001953125,1755086477000.0,495.20001220703125,1206.0,1174.0,126.0,1206.0,53.0,1.2970000505447388,-0.017999999225139618,46.39489000663161,6.912687057629228,2025-08-13 12:01:17+00:00
0.0,96.0,1504.010009765625,1755086481000.0,495.20001220703125,1210.0,1178.0,129.0,1210.0,53.0,1.305999994277954,0.0,46.39487081207335,6.912741707637906,2025-08-13 12:01:21+00:00
0.0,96.0,1514.550048828125,1755086489000.0,495.20001220703125,1218.0,1186.0,126.0,1218.0,53.0,1.2879999876022339,0.0,46.39481959864497,6.912875734269619,2025-08-13 12:01:29+00:00
0.0,98.0,1527.6500244140625,1755086499000.0,495.3999938964844,1228.0,1196.0,125.0,1228.0,53.0,1.2970000505447388,0.019999999552965164,46.39472454786301,6.912991655990481,2025-08-13 12:01:39+00:00
0.5,95.0,1538.5699462890625,1755086507000.0,495.3999938964844,1236.0,1204.0,126.0,1236.0,53.0,1.315999984741211,0.0,46.39467190951109,6.9130876287817955,2025-08-13 12:01:47+00:00
0.5,97.0,1552.3900146484375,1755086516000.0,495.20001220703125,1245.0,1213.0,129.0,1245.0,53.0,1.3250000476837158,-0.02199999988079071,46.39465983957052,6.913245543837547,2025-08-13 12:01:56+00:00
0.5,97.0,1553.5799560546875,1755086517000.0,495.20001220703125,1246.0,1214.0,129.0,1246.0,53.0,1.3250000476837158,0.0,46.394661096856,6.913259290158749,2025-08-13 12:01:57+00:00
0.5,99.0,1569.9100341796875,1755086529000.0,495.0,1258.0,1226.0,130.0,1258.0,53.0,1.3250000476837158,-0.017000000923871994,46.394700994715095,6.913472441956401,2025-08-13 12:02:09+00:00
0.5,99.0,1572.81005859375,1755086531000.0,495.0,1260.0,1228.0,127.0,1260.0,53.0,1.3339999914169312,0.0,46.394704431295395,6.913510579615831,2025-08-13 12:02:11+00:00
0.0,96.0,1585.25,1755086541000.0,495.20001220703125,1270.0,1238.0,126.0,1270.0,53.0,1.3339999914169312,0.019999999552965164,46.39470518566668,6.913670925423503,2025-08-13 12:02:21+00:00
0.5,95.0,1594.4000244140625,1755086550000.0,495.0,1279.0,1247.0,126.0,1279.0,53.0,1.2879999876022339,-0.02199999988079071,46.394669227302074,6.913799839094281,2025-08-13 12:02:30+00:00
0.5,97.0,1611.5899658203125,1755086559000.0,495.0,1288.0,1256.0,125.0,1288.0,53.0,1.343999981880188,0.0,46.39458582736552,6.913984157145023,2025-08-13 12:02:39+00:00
0.5,99.0,1626.3900146484375,1755086569000.0,494.79998779296875,1298.0,1266.0,124.0,1298.0,53.0,1.4559999704360962,-0.019999999552965164,46.39450963586569,6.9141225423663855,2025-08-13 12:02:49+00:00
0.5,99.0,1640.530029296875,1755086581000.0,494.6000061035156,1310.0,1278.0,122.0,1310.0,53.0,1.371999979019165,-0.017000000923871994,46.39441651292145,6.914263358339667,2025-08-13 12:03:01+00:00
0.5,97.0,1643.8900146484375,1755086584000.0,494.3999938964844,1313.0,1281.0,123.0,1313.0,53.0,1.3530000448226929,-0.06700000166893005,46.394402096048,6.914289258420467,2025-08-13 12:03:04+00:00
0.0,96.0,1652.5999755859375,1755086592000.0,494.6000061035156,1321.0,1289.0,122.0,1321.0,53.0,1.2599999904632568,0.02500000037252903,46.39433277770877,6.914384812116623,2025-08-13 12:03:12+00:00
0.5,97.0,1670.81005859375,1755086604000.0,494.6000061035156,1333.0,1301.0,122.0,1333.0,53.0,1.315999984741211,0.0,46.39421744272113,6.914553791284561,2025-08-13 12:03:24+00:00
0.0,96.0,1686.4000244140625,1755086615000.0,494.6000061035156,1344.0,1312.0,122.0,1344.0,53.0,1.343999981880188,0.0,46.39412775635719,6.914700306952,2025-08-13 12:03:35+00:00
0.0,96.0,1689.469970703125,1755086617000.0,494.6000061035156,1346.0,1314.0,119.0,1346.0,53.0,1.343999981880188,0.0,46.39410839416087,6.914733247831464,2025-08-13 12:03:37+00:00
0.5,95.0,1693.18994140625,1755086619000.0,494.6000061035156,1348.0,1316.0,116.0,1348.0,53.0,1.343999981880188,0.0,46.39408961869776,6.91476384177804,2025-08-13 12:03:39+00:00
0.0,96.0,1700.030029296875,1755086623000.0,494.6000061035156,1352.0,1320.0,119.0,1352.0,53.0,1.371999979019165,0.0,46.39406061731279,6.91482444293797,2025-08-13 12:03:43+00:00
0.5,97.0,1704.52001953125,1755086627000.0,494.6000061035156,1356.0,1324.0,120.0,1356.0,53.0,1.38100004196167,0.0,46.394033543765545,6.9148806016892195,2025-08-13 12:03:47+00:00
0.0,100.0,1714.239990234375,1755086635000.0,494.3999938964844,1364.0,1332.0,123.0,1364.0,53.0,1.38100004196167,-0.02500000037252903,46.39400638639927,6.914985543116927,2025-08-13 12:03:55+00:00
0.5,99.0,1716.300048828125,1755086638000.0,494.3999938964844,1367.0,1335.0,126.0,1367.0,53.0,1.371999979019165,0.0,46.394002782180905,6.915011610835791,2025-08-13 12:03:58+00:00
0.5,97.0,1724.2900390625,1755086645000.0,494.3999938964844,1374.0,1342.0,129.0,1374.0,53.0,1.3250000476837158,0.0,46.39397017657757,6.915138261392713,2025-08-13 12:04:05+00:00
0.5,97.0,1729.5400390625,1755086648000.0,494.3999938964844,1377.0,1345.0,128.0,1377.0,53.0,1.343999981880188,0.0,46.39395064674318,6.9151919055730104,2025-08-13 12:04:08+00:00
0.5,99.0,1733.4200439453125,1755086651000.0,494.3999938964844,1380.0,1348.0,125.0,1380.0,53.0,1.3899999856948853,0.0,46.3939356431365,6.915238676592708,2025-08-13 12:04:11+00:00
0.0,100.0,1745.31005859375,1755086659000.0,494.20001220703125,1388.0,1356.0,123.0,1388.0,53.0,1.3619999885559082,-0.02500000037252903,46.393888872116804,6.915369685739279,2025-08-13 12:04:19+00:00
0.5,99.0,1760.760009765625,1755086669000.0,494.6000061035156,1398.0,1366.0,123.0,1398.0,53.0,1.3619999885559082,0.03999999910593033,46.39381938613951,6.915538581088185,2025-08-13 12:04:29+00:00
0.5,99.0,1769.7099609375,1755086675000.0,494.6000061035156,1404.0,1372.0,126.0,1404.0,53.0,1.4179999828338623,0.0,46.39377957209945,6.915628602728248,2025-08-13 12:04:35+00:00
0.5,97.0,1771.739990234375,1755086677000.0,494.79998779296875,1406.0,1374.0,133.0,1406.0,53.0,1.409000039100647,0.10000000149011612,46.393771190196276,6.915663052350283,2025-08-13 12:04:37+00:00
0.5,101.0,1787.3800048828125,1755086687000.0,494.79998779296875,1416.0,1384.0,133.0,1416.0,53.0,1.399999976158142,0.0,46.393728191033006,6.915847873315215,2025-08-13 12:04:47+00:00
0.0,100.0,1797.97998046875,1755086696000.0,495.20001220703125,1425.0,1393.0,130.0,1425.0,53.0,1.4179999828338623,0.04399999976158142,46.393663147464395,6.915966058149934,2025-08-13 12:04:56+00:00
0.0,100.0,1799.6800537109375,1755086697000.0,495.20001220703125,1426.0,1394.0,130.0,1426.0,53.0,1.4179999828338623,0.0,46.393656358122826,6.915983073413372,2025-08-13 12:04:57+00:00
0.0,100.0,1808.5699462890625,1755086703000.0,495.3999938964844,1432.0,1400.0,126.0,1432.0,52.0,1.409000039100647,0.032999999821186066,46.39361470006406,6.91606898792088,2025-08-13 12:05:03+00:00
0.0,100.0,1813.1500244140625,1755086706000.0,495.3999938964844,1435.0,1403.0,123.0,1435.0,52.0,1.409000039100647,0.0,46.393590308725834,6.916123805567622,2025-08-13 12:05:06+00:00
0.0,100.0,1814.8800048828125,1755086707000.0,495.6000061035156,1436.0,1404.0,123.0,1436.0,52.0,1.4179999828338623,0.20000000298023224,46.39358578249812,6.916137216612697,2025-08-13 12:05:07+00:00
0.0,100.0,1826.5400390625,1755086716000.0,496.0,1445.0,1413.0,124.0,1445.0,52.0,1.4179999828338623,0.04399999976158142,46.39356390573084,6.91628004424274,2025-08-13 12:05:16+00:00
0.5,99.0,1837.989990234375,1755086725000.0,495.79998779296875,1454.0,1422.0,125.0,1454.0,52.0,1.399999976158142,-0.02199999988079071,46.393546890467405,6.916434271261096,2025-08-13 12:05:25+00:00
0.0,100.0,1853.5400390625,1755086737000.0,495.79998779296875,1466.0,1434.0,126.0,1466.0,52.0,1.38100004196167,0.0,46.39352333731949,6.916631245985627,2025-08-13 12:05:37+00:00
0.0,100.0,1870.31005859375,1755086748000.0,495.6000061035156,1477.0,1445.0,123.0,1477.0,52.0,1.38100004196167,-0.017999999225139618,46.39349383302033,6.916829980909824,2025-08-13 12:05:48+00:00
0.5,99.0,1885.31005859375,1755086760000.0,495.3999938964844,1489.0,1457.0,124.0,1489.0,52.0,1.371999979019165,-0.017000000923871994,46.39349827542901,6.9170325715094805,2025-08-13 12:06:00+00:00
0.5,99.0,1902.530029296875,1755086772000.0,495.3999938964844,1501.0,1469.0,126.0,1501.0,52.0,1.38100004196167,0.0,46.393497018143535,6.917244298383594,2025-08-13 12:06:12+00:00
0.5,99.0,1912.8699951171875,1755086780000.0,495.6000061035156,1509.0,1477.0,125.0,1509.0,52.0,1.3619999885559082,0.02500000037252903,46.393473548814654,6.917388886213303,2025-08-13 12:06:20+00:00
0.5,99.0,1926.8499755859375,1755086788000.0,496.20001220703125,1517.0,1485.0,125.0,1517.0,52.0,1.399999976158142,0.07500000298023224,46.393444715067744,6.917558033019304,2025-08-13 12:06:28+00:00
0.0,100.0,1933.2099609375,1755086792000.0,496.20001220703125,1521.0,1489.0,122.0,1521.0,52.0,1.409000039100647,0.0,46.39343222603202,6.917636571452022,2025-08-13 12:06:32+00:00
0.0,100.0,1940.02001953125,1755086797000.0,496.0,1526.0,1494.0,120.0,1526.0,52.0,1.409000039100647,-0.03999999910593033,46.39343373477459,6.917732292786241,2025-08-13 12:06:37+00:00
0.5,99.0,1949.8599853515625,1755086804000.0,496.0,1533.0,1501.0,119.0,1533.0,52.0,1.4179999828338623,0.0,46.393462317064404,6.917849136516452,2025-08-13 12:06:44+00:00
0.0,98.0,1960.1600341796875,1755086810000.0,496.3999938964844,1539.0,1507.0,120.0,1539.0,52.0,1.4179999828338623,0.06700000166893005,46.393505400046706,6.917957346886396,2025-08-13 12:06:50+00:00
0.0,100.0,1970.5999755859375,1755086818000.0,496.20001220703125,1547.0,1515.0,121.0,1547.0,52.0,1.4279999732971191,-0.02500000037252903,46.393568431958556,6.918059438467026,2025-08-13 12:06:58+00:00
0.0,100.0,1980.030029296875,1755086824000.0,496.20001220703125,1553.0,1521.0,121.0,1553.0,52.0,1.4279999732971191,0.0,46.39362819492817,6.918145436793566,2025-08-13 12:07:04+00:00
0.5,99.0,1992.1500244140625,1755086832000.0,496.6000061035156,1561.0,1529.0,121.0,1561.0,52.0,1.4459999799728394,0.05000000074505806,46.39369533397257,6.918264962732792,2025-08-13 12:07:12+00:00
0.5,99.0,2001.260009765625,1755086839000.0,496.6000061035156,1568.0,1536.0,122.0,1568.0,52.0,1.437000036239624,0.0,46.39374855905771,6.918363282456994,2025-08-13 12:07:19+00:00
0.5,99.0,2003.06005859375,1755086840000.0,496.6000061035156,1569.0,1537.0,122.0,1569.0,52.0,1.437000036239624,0.0,46.393755516037345,6.918379627168179,2025-08-13 12:07:20+00:00
0.5,101.0,2013.9100341796875,1755086848000.0,496.6000061035156,1577.0,1545.0,124.0,1577.0,52.0,1.4459999799728394,0.0,46.393792647868395,6.918510301038623,2025-08-13 12:07:28+00:00
0.5,99.0,2021.7900390625,1755086854000.0,496.79998779296875,1583.0,1551.0,124.0,1583.0,52.0,1.437000036239624,0.032999999821186066,46.39380061067641,6.918612392619252,2025-08-13 12:07:34+00:00
0.5,97.0,2032.5899658203125,1755086862000.0,497.0,1591.0,1559.0,126.0,1591.0,52.0,1.4279999732971191,0.02500000037252903,46.393790720030665,6.918750274926424,2025-08-13 12:07:42+00:00
0.5,101.0,2045.43994140625,1755086870000.0,497.20001220703125,1599.0,1567.0,126.0,1599.0,52.0,1.4279999732971191,0.02500000037252903,46.39380170032382,6.91890986636281,2025-08-13 12:07:50+00:00
0.0,100.0,2054.35009765625,1755086877000.0,497.20001220703125,1606.0,1574.0,126.0,1606.0,52.0,1.4279999732971191,0.0,46.393804801627994,6.919029979035258,2025-08-13 12:07:57+00:00
0.5,99.0,2066.330078125,1755086885000.0,497.0,1614.0,1582.0,127.0,1614.0,52.0,1.4279999732971191,-0.02500000037252903,46.39380999840796,6.919182445853949,2025-08-13 12:08:05+00:00
0.5,97.0,2075.22998046875,1755086892000.0,497.20001220703125,1621.0,1589.0,125.0,1621.0,52.0,1.4279999732971191,0.028999999165534973,46.39382869005203,6.9192917458713055,2025-08-13 12:08:12+00:00
0.5,99.0,2084.929931640625,1755086899000.0,497.20001220703125,1628.0,1596.0,123.0,1628.0,52.0,1.4179999828338623,0.0,46.39384159818292,6.919418564066291,2025-08-13 12:08:19+00:00
0.5,99.0,2092.10009765625,1755086905000.0,497.20001220703125,1634.0,1602.0,123.0,1634.0,52.0,1.409000039100647,0.0,46.39385920017958,6.919513614848256,2025-08-13 12:08:25+00:00
0.5,99.0,2101.719970703125,1755086911000.0,497.6000061035156,1640.0,1608.0,123.0,1640.0,52.0,1.409000039100647,0.06700000166893005,46.393892811611295,6.91962132230401,2025-08-13 12:08:31+00:00
0.5,97.0,2103.010009765625,1755086912000.0,497.6000061035156,1641.0,1609.0,123.0,1641.0,52.0,1.409000039100647,0.0,46.39389733783901,6.91963498480618,2025-08-13 12:08:32+00:00
0.5,97.0,2106.3798828125,1755086915000.0,497.6000061035156,1644.0,1612.0,126.0,1644.0,52.0,1.409000039100647,0.0,46.39391049742699,6.919672368094325,2025-08-13 12:08:35+00:00
0.5,97.0,2109.93994140625,1755086918000.0,497.6000061035156,1647.0,1615.0,125.0,1647.0,52.0,1.399999976158142,0.0,46.39392633922398,6.919720564037561,2025-08-13 12:08:38+00:00
0.0,96.0,2117.510009765625,1755086925000.0,497.20001220703125,1654.0,1622.0,124.0,1654.0,52.0,1.3619999885559082,-0.05700000002980232,46.393959783017635,6.919805305078626,2025-08-13 12:08:45+00:00
0.0,96.0,2128.550048828125,1755086933000.0,497.0,1662.0,1630.0,125.0,1662.0,52.0,1.343999981880188,-0.02500000037252903,46.39400579966605,6.919928267598152,2025-08-13 12:08:53+00:00
0.5,95.0,2137.179931640625,1755086941000.0,497.20001220703125,1670.0,1638.0,126.0,1670.0,52.0,1.3250000476837158,0.02500000037252903,46.39404259622097,6.920027760788798,2025-08-13 12:09:01+00:00
0.5,97.0,2144.719970703125,1755086948000.0,497.20001220703125,1677.0,1645.0,128.0,1677.0,52.0,1.2970000505447388,0.0,46.39408517628908,6.920119961723685,2025-08-13 12:09:08+00:00
0.5,97.0,2157.489990234375,1755086956000.0,497.6000061035156,1685.0,1653.0,129.0,1685.0,52.0,1.315999984741211,0.05000000074505806,46.394135635346174,6.920265555381775,2025-08-13 12:09:16+00:00
0.5,99.0,2169.81005859375,1755086964000.0,497.3999938964844,1693.0,1661.0,128.0,1693.0,52.0,1.3339999914169312,-0.02500000037252903,46.39417779631913,6.920402515679598,2025-08-13 12:09:24+00:00
0.0,100.0,2172.669921875,1755086967000.0,497.3999938964844,1696.0,1664.0,125.0,1696.0,52.0,1.343999981880188,0.0,46.39418852515519,6.920437719672918,2025-08-13 12:09:27+00:00
0.5,99.0,2179.239990234375,1755086972000.0,497.3999938964844,1701.0,1669.0,125.0,1701.0,52.0,1.3250000476837158,0.0,46.39422289095819,6.920512989163399,2025-08-13 12:09:32+00:00
0.5,97.0,2188.5400390625,1755086978000.0,498.0,1707.0,1675.0,125.0,1707.0,52.0,1.3339999914169312,0.10000000149011612,46.394268153235316,6.9206093810498714,2025-08-13 12:09:38+00:00
0.0,98.0,2197.77001953125,1755086985000.0,498.20001220703125,1714.0,1682.0,125.0,1714.0,52.0,1.3339999914169312,0.028999999165534973,46.394316013902426,6.920702336356044,2025-08-13 12:09:45+00:00
0.5,91.0,2204.7900390625,1755086992000.0,498.6000061035156,1721.0,1689.0,125.0,1721.0,52.0,1.315999984741211,0.05700000002980232,46.394364293664694,6.920763943344355,2025-08-13 12:09:52+00:00
0.5,91.0,2204.7900390625,1755086993000.0,498.6000061035156,1722.0,1690.0,124.0,1722.0,52.0,1.305999994277954,0.0,46.39436555095017,6.920767296105623,2025-08-13 12:09:53+00:00
0.0,0.0,2209.409912109375,1755086999000.0,497.6000061035156,1728.0,1696.0,125.0,1728.0,52.0,1.1759999990463257,-0.16699999570846558,46.394363874569535,6.920829154551029,2025-08-13 12:09:59+00:00
0.0,92.0,2211.949951171875,1755087001000.0,497.3999938964844,1730.0,1698.0,124.0,1730.0,52.0,1.0729999542236328,-0.10000000149011612,46.39435465447605,6.920857820659876,2025-08-13 12:10:01+00:00
0.0,96.0,2223.219970703125,1755087009000.0,497.3999938964844,1738.0,1706.0,125.0,1738.0,52.0,1.2970000505447388,0.0,46.39431869611144,6.920974664390087,2025-08-13 12:10:09+00:00
0.0,96.0,2231.070068359375,1755087016000.0,497.0,1745.0,1713.0,127.0,1745.0,52.0,1.222000002861023,-0.05700000002980232,46.39427284710109,6.921060662716627,2025-08-13 12:10:16+00:00
0.0,96.0,2240.639892578125,1755087023000.0,496.79998779296875,1752.0,1720.0,126.0,1752.0,52.0,1.222000002861023,-0.028999999165534973,46.39422154985368,6.921161664649844,2025-08-13 12:10:23+00:00
0.0,96.0,2249.35009765625,1755087030000.0,496.6000061035156,1759.0,1727.0,126.0,1759.0,52.0,1.25,-0.028999999165534973,46.394178718328476,6.921256128698587,2025-08-13 12:10:30+00:00
0.5,95.0,2258.580078125,1755087037000.0,496.79998779296875,1766.0,1734.0,126.0,1766.0,52.0,1.2410000562667847,0.028999999165534973,46.3941187877208,6.921335672959685,2025-08-13 12:10:37+00:00
0.0,94.0,2268.10009765625,1755087044000.0,496.79998779296875,1773.0,1741.0,127.0,1773.0,52.0,1.25,0.0,46.394060952588916,6.92142678424716,2025-08-13 12:10:44+00:00
0.0,96.0,2277.139892578125,1755087051000.0,496.79998779296875,1780.0,1748.0,127.0,1780.0,52.0,1.2410000562667847,0.0,46.39401527121663,6.921520996838808,2025-08-13 12:10:51+00:00
0.5,97.0,2287.449951171875,1755087059000.0,496.79998779296875,1788.0,1756.0,126.0,1788.0,52.0,1.25,0.0,46.39396104030311,6.921633230522275,2025-08-13 12:10:59+00:00
0.0,94.0,2296.090087890625,1755087066000.0,496.79998779296875,1795.0,1763.0,125.0,1795.0,52.0,1.2410000562667847,0.0,46.39391217380762,6.921719899401069,2025-08-13 12:11:06+00:00
0.5,91.0,2298.760009765625,1755087070000.0,497.0,1799.0,1767.0,126.0,1799.0,52.0,1.2319999933242798,0.05000000074505806,46.39392885379493,6.921751834452152,2025-08-13 12:11:10+00:00
0.5,89.0,2302.06005859375,1755087073000.0,497.3999938964844,1802.0,1770.0,127.0,1802.0,52.0,1.2130000591278076,0.13300000131130219,46.3939565140754,6.921767760068178,2025-08-13 12:11:13+00:00
0.0,90.0,2306.75,1755087077000.0,497.3999938964844,1806.0,1774.0,131.0,1806.0,52.0,1.2039999961853027,0.0,46.39399758540094,6.921769184991717,2025-08-13 12:11:17+00:00
0.0,96.0,2312.3798828125,1755087081000.0,497.6000061035156,1810.0,1778.0,132.0,1810.0,52.0,1.2039999961853027,0.05000000074505806,46.39404812827706,6.921777315437794,2025-08-13 12:11:21+00:00
0.0,94.0,2323.0400390625,1755087088000.0,497.3999938964844,1817.0,1785.0,131.0,1817.0,52.0,1.222000002861023,-0.028999999165534973,46.39414066448808,6.921790223568678,2025-08-13 12:11:28+00:00
0.5,101.0,2331.77001953125,1755087095000.0,497.20001220703125,1824.0,1792.0,134.0,1824.0,52.0,1.25,-0.028999999165534973,46.39422129839659,6.921796007081866,2025-08-13 12:11:35+00:00
0.5,95.0,2336.860107421875,1755087099000.0,498.3999938964844,1828.0,1796.0,134.0,1828.0,52.0,1.2410000562667847,0.30000001192092896,46.39426748268306,6.9217918161302805,2025-08-13 12:11:39+00:00
0.0,96.0,2338.580078125,1755087100000.0,498.6000061035156,1829.0,1797.0,135.0,1829.0,52.0,1.2410000562667847,0.20000000298023224,46.394279804080725,6.921792821958661,2025-08-13 12:11:40+00:00
0.5,99.0,2340.93994140625,1755087102000.0,499.0,1831.0,1799.0,132.0,1831.0,52.0,1.25,0.20000000298023224,46.3943000882864,6.921797515824437,2025-08-13 12:11:42+00:00
0.5,97.0,2347.969970703125,1755087108000.0,499.20001220703125,1837.0,1805.0,133.0,1837.0,52.0,1.2410000562667847,0.032999999821186066,46.394366724416614,6.921809082850814,2025-08-13 12:11:48+00:00
0.5,95.0,2354.050048828125,1755087112000.0,499.79998779296875,1841.0,1809.0,134.0,1841.0,52.0,1.2410000562667847,0.15000000596046448,46.3944211229682,6.921820482239127,2025-08-13 12:11:52+00:00
0.0,96.0,2358.320068359375,1755087115000.0,500.3999938964844,1844.0,1812.0,133.0,1844.0,52.0,1.25,0.20000000298023224,46.39445641078055,6.921823164448142,2025-08-13 12:11:55+00:00
0.5,97.0,2367.72998046875,1755087122000.0,500.3999938964844,1851.0,1819.0,135.0,1851.0,52.0,1.2599999904632568,0.0,46.39454249292612,6.921832216903567,2025-08-13 12:12:02+00:00
0.0,98.0,2377.389892578125,1755087128000.0,500.3999938964844,1857.0,1825.0,138.0,1857.0,52.0,1.277999997138977,0.0,46.39462849125266,6.921860380098224,2025-08-13 12:12:08+00:00
0.0,98.0,2378.550048828125,1755087129000.0,500.6000061035156,1858.0,1826.0,140.0,1858.0,52.0,1.277999997138977,0.20000000298023224,46.39463922008872,6.921863649040461,2025-08-13 12:12:09+00:00
0.0,100.0,2384.1298828125,1755087133000.0,500.6000061035156,1862.0,1830.0,143.0,1862.0,52.0,1.2970000505447388,0.0,46.394683392718434,6.921863816678524,2025-08-13 12:12:13+00:00
0.0,98.0,2387.010009765625,1755087136000.0,500.79998779296875,1865.0,1833.0,144.0,1865.0,52.0,1.2970000505447388,0.06700000166893005,46.39471239410341,6.921871779486537,2025-08-13 12:12:16+00:00
0.5,99.0,2389.6298828125,1755087138000.0,500.79998779296875,1867.0,1835.0,144.0,1867.0,52.0,1.2970000505447388,0.0,46.394733684137464,6.921876473352313,2025-08-13 12:12:18+00:00
0.5,97.0,2391.550048828125,1755087140000.0,500.6000061035156,1869.0,1837.0,140.0,1869.0,52.0,1.2879999876022339,-0.10000000149011612,46.39475388452411,6.921883933246136,2025-08-13 12:12:20+00:00
0.5,97.0,2398.2900390625,1755087145000.0,500.0,1874.0,1842.0,139.0,1874.0,52.0,1.2879999876022339,-0.11999999731779099,46.39481347985566,6.921892147511244,2025-08-13 12:12:25+00:00
0.0,98.0,2408.02001953125,1755087152000.0,501.6000061035156,1881.0,1849.0,136.0,1881.0,52.0,1.2879999876022339,0.2290000021457672,46.39490207657218,6.921900864690542,2025-08-13 12:12:32+00:00
0.0,98.0,2409.639892578125,1755087153000.0,501.6000061035156,1882.0,1850.0,135.0,1882.0,52.0,1.2879999876022339,0.0,46.394915487617254,6.921904720366001,2025-08-13 12:12:33+00:00
0.0,96.0,2418.780029296875,1755087159000.0,501.79998779296875,1888.0,1856.0,133.0,1888.0,52.0,1.305999994277954,0.032999999821186066,46.39499670825899,6.921920059248805,2025-08-13 12:12:39+00:00
0.0,96.0,2420.43994140625,1755087160000.0,502.0,1889.0,1857.0,133.0,1889.0,52.0,1.305999994277954,0.20000000298023224,46.395010873675346,6.921920143067837,2025-08-13 12:12:40+00:00
0.5,97.0,2429.010009765625,1755087166000.0,502.20001220703125,1895.0,1863.0,134.0,1895.0,52.0,1.3250000476837158,0.032999999821186066,46.39508874155581,6.921922490000725,2025-08-13 12:12:46+00:00
0.5,97.0,2431.35009765625,1755087168000.0,502.0,1897.0,1865.0,137.0,1897.0,52.0,1.3250000476837158,-0.10000000149011612,46.39510449953377,6.921922825276852,2025-08-13 12:12:48+00:00
0.5,99.0,2432.35009765625,1755087169000.0,502.0,1898.0,1866.0,140.0,1898.0,52.0,1.3250000476837158,0.0,46.395113887265325,6.921926345676184,2025-08-13 12:12:49+00:00
0.5,99.0,2433.260009765625,1755087170000.0,501.79998779296875,1899.0,1867.0,144.0,1899.0,52.0,1.3250000476837158,-0.20000000298023224,46.39512537047267,6.921930704265833,2025-08-13 12:12:50+00:00
0.0,96.0,2436.5,1755087173000.0,501.6000061035156,1902.0,1870.0,146.0,1902.0,52.0,1.3250000476837158,-0.06700000166893005,46.395152527838945,6.921936739236116,2025-08-13 12:12:53+00:00
0.0,98.0,2446.320068359375,1755087180000.0,501.3999938964844,1909.0,1877.0,146.0,1909.0,52.0,1.2970000505447388,-0.028999999165534973,46.39523374848068,6.921885861083865,2025-08-13 12:13:00+00:00
0.5,99.0,2453.090087890625,1755087186000.0,501.79998779296875,1915.0,1883.0,146.0,1915.0,52.0,1.305999994277954,0.06700000166893005,46.39526803046465,6.921813692897558,2025-08-13 12:13:06+00:00
0.0,102.0,2461.169921875,1755087192000.0,501.79998779296875,1921.0,1889.0,146.0,1921.0,52.0,1.315999984741211,0.0,46.39530474320054,6.92172291688621,2025-08-13 12:13:12+00:00
0.0,0.0,2468.260009765625,1755087200000.0,500.79998779296875,1929.0,1897.0,146.0,1929.0,52.0,1.2879999876022339,-0.125,46.39534514397383,6.921673798933625,2025-08-13 12:13:20+00:00
0.0,0.0,2473.090087890625,1755087206000.0,499.79998779296875,1935.0,1903.0,145.0,1935.0,52.0,1.128999948501587,-0.16699999570846558,46.395387975499034,6.921647312119603,2025-08-13 12:13:26+00:00
0.5,97.0,2474.47998046875,1755087207000.0,499.79998779296875,1936.0,1904.0,145.0,1936.0,52.0,1.128999948501587,0.0,46.395401218906045,6.921648066490889,2025-08-13 12:13:27+00:00
0.5,99.0,2488.1298828125,1755087215000.0,500.79998779296875,1944.0,1912.0,144.0,1944.0,52.0,1.4279999732971191,0.125,46.39551001600921,6.921707326546311,2025-08-13 12:13:35+00:00
0.0,100.0,2491.0400390625,1755087217000.0,500.79998779296875,1946.0,1914.0,144.0,1946.0,52.0,1.399999976158142,0.0,46.395534072071314,6.921725599095225,2025-08-13 12:13:37+00:00
0.5,101.0,2499.639892578125,1755087223000.0,501.0,1952.0,1920.0,145.0,1952.0,52.0,1.371999979019165,0.032999999821186066,46.39559073373675,6.921801036223769,2025-08-13 12:13:43+00:00
0.5,101.0,2508.699951171875,1755087229000.0,501.0,1958.0,1926.0,146.0,1958.0,52.0,1.38100004196167,0.0,46.39565569348633,6.9218710251152515,2025-08-13 12:13:49+00:00
0.0,100.0,2521.419921875,1755087237000.0,501.20001220703125,1966.0,1934.0,146.0,1966.0,52.0,1.4179999828338623,0.02500000037252903,46.395758874714375,6.92195207811892,2025-08-13 12:13:57+00:00
0.5,99.0,2528.85009765625,1755087243000.0,501.20001220703125,1972.0,1940.0,147.0,1972.0,51.0,1.4459999799728394,0.0,46.395813608542085,6.921993819996715,2025-08-13 12:14:03+00:00
0.5,95.0,2537.679931640625,1755087251000.0,501.3999938964844,1980.0,1948.0,148.0,1980.0,51.0,1.38100004196167,0.02500000037252903,46.39589415863156,6.922004129737616,2025-08-13 12:14:11+00:00
0.5,95.0,2544.77001953125,1755087256000.0,501.79998779296875,1985.0,1953.0,145.0,1985.0,51.0,1.371999979019165,0.07999999821186066,46.39595199376345,6.922022067010403,2025-08-13 12:14:16+00:00
0.5,95.0,2545.93994140625,1755087257000.0,501.79998779296875,1986.0,1954.0,144.0,1986.0,51.0,1.371999979019165,0.0,46.39596096239984,6.922027766704559,2025-08-13 12:14:17+00:00
0.5,97.0,2550.919921875,1755087261000.0,502.0,1990.0,1958.0,144.0,1990.0,51.0,1.3619999885559082,0.05000000074505806,46.39600555412471,6.922045284882188,2025-08-13 12:14:21+00:00
0.5,95.0,2563.3701171875,1755087269000.0,501.79998779296875,1998.0,1966.0,143.0,1998.0,51.0,1.3619999885559082,-0.02500000037252903,46.396115105599165,6.922031119465828,2025-08-13 12:14:29+00:00
0.5,97.0,2573.070068359375,1755087276000.0,502.0,2005.0,1973.0,143.0,2005.0,51.0,1.38100004196167,0.028999999165534973,46.396199092268944,6.922055343165994,2025-08-13 12:14:36+00:00
0.5,97.0,2581.860107421875,1755087283000.0,502.0,2012.0,1980.0,144.0,2012.0,51.0,1.371999979019165,0.0,46.396273439750075,6.9220939837396145,2025-08-13 12:14:43+00:00
0.0,98.0,2593.080078125,1755087291000.0,501.3999938964844,2020.0,1988.0,144.0,2020.0,51.0,1.3899999856948853,-0.07500000298023224,46.396366311237216,6.922154668718576,2025-08-13 12:14:51+00:00
0.0,96.0,2603.699951171875,1755087299000.0,501.3999938964844,2028.0,1996.0,147.0,2028.0,51.0,1.3619999885559082,0.0,46.39645063318312,6.922216610983014,2025-08-13 12:14:59+00:00
0.0,98.0,2612.64990234375,1755087307000.0,501.20001220703125,2036.0,2004.0,145.0,2036.0,51.0,1.3339999914169312,-0.02500000037252903,46.396522633731365,6.922271931543946,2025-08-13 12:15:07+00:00
0.5,97.0,2624.72998046875,1755087316000.0,500.79998779296875,2045.0,2013.0,143.0,2045.0,51.0,1.315999984741211,-0.04399999976158142,46.39661190100014,6.922369999811053,2025-08-13 12:15:16+00:00
0.0,96.0,2630.6298828125,1755087323000.0,501.20001220703125,2052.0,2020.0,143.0,2052.0,51.0,1.2970000505447388,0.05700000002980232,46.39665775001049,6.9224117416888475,2025-08-13 12:15:23+00:00
0.0,96.0,2636.219970703125,1755087326000.0,501.0,2055.0,2023.0,139.0,2055.0,51.0,1.277999997138977,-0.06700000166893005,46.3966971449554,6.922448957338929,2025-08-13 12:15:26+00:00
0.0,94.0,2639.760009765625,1755087329000.0,501.20001220703125,2058.0,2026.0,137.0,2058.0,51.0,1.2970000505447388,0.06700000166893005,46.39670167118311,6.922497404739261,2025-08-13 12:15:29+00:00
0.0,94.0,2640.820068359375,1755087330000.0,501.20001220703125,2059.0,2027.0,137.0,2059.0,51.0,1.2879999876022339,0.0,46.39669647440314,6.922512659803033,2025-08-13 12:15:30+00:00
0.0,96.0,2646.4599609375,1755087335000.0,501.20001220703125,2064.0,2032.0,137.0,2064.0,51.0,1.2970000505447388,0.0,46.39667191542685,6.922575440257788,2025-08-13 12:15:35+00:00
0.0,86.0,2651.4599609375,1755087342000.0,500.79998779296875,2071.0,2039.0,137.0,2071.0,51.0,1.222000002861023,-0.05700000002980232,46.39663704670966,6.922630341723561,2025-08-13 12:15:42+00:00
0.5,87.0,2653.989990234375,1755087344000.0,501.0,2073.0,2041.0,137.0,2073.0,51.0,1.1660000085830688,0.10000000149011612,46.39662439003587,6.922649955376983,2025-08-13 12:15:44+00:00
0.0,0.0,2659.489990234375,1755087355000.0,501.0,2084.0,2041.0,135.0,2084.0,51.0,0.0,0.0,46.396589018404484,6.9226691499352455,2025-08-13 12:15:55+00:00
0.0,0.0,2659.489990234375,1755087367000.0,500.3999938964844,2096.0,2041.0,135.0,2096.0,51.0,0.0,-0.05000000074505806,46.39661081135273,6.922659007832408,2025-08-13 12:16:07+00:00
0.0,0.0,2660.110107421875,1755087378000.0,500.3999938964844,2107.0,2041.0,134.0,2107.0,51.0,0.0,0.0,46.3966104760766,6.922630174085498,2025-08-13 12:16:18+00:00
0.0,0.0,2661.14990234375,1755087385000.0,500.6000061035156,2114.0,2041.0,132.0,2114.0,51.0,0.0,0.028999999165534973,46.396608632057905,6.922635203227401,2025-08-13 12:16:25+00:00
